snpid,Chromosome,Position,maf,effect_size_abs
10_109363168,10,109363168,0.256116723,0.147824084
10_11120682,10,11120682,0.150994575,0.156355322
10_120550949,10,120550949,0.203408836,0.250562726
10_130690841,10,130690841,0.126776199,0.071984521
10_13097228,10,13097228,0.061580258,0.246990635
10_131481937,10,131481937,0.102991792,0.020703066
10_131973223,10,131973223,0.315988137,0.125674637
10_132511092,10,132511092,0.115093588,0.118504245
10_133331221,10,133331221,0.227213372,0.09710831
10_134042660,10,134042660,0.260466169,0.184484446
10_135913771,10,135913771,0.210171853,0.087483786
10_136697847,10,136697847,0.06631928,0.144233308
10_139311746,10,139311746,0.165671312,0.110736993
10_141484346,10,141484346,0.128249567,0.345554411
10_141649548,10,141649548,0.135957066,0.347673653
10_143083441,10,143083441,0.116119829,0.110956826
10_143255315,10,143255315,0.139352072,0.105782323
10_143269337,10,143269337,0.346674632,0.08749498
10_143445567,10,143445567,0.329948228,0.122023428
10_143445611,10,143445611,0.102150538,0.121571686
10_144844860,10,144844860,0.11210673,0.305754003
10_145261562,10,145261562,0.053306512,0.128324377
10_146328978,10,146328978,0.32696137,0.076579558
10_146968497,10,146968497,0.319300386,0.077464678
10_147161599,10,147161599,0.095580678,0.152969088
10_147206252,10,147206252,0.26365894,0.069804625
10_148545491,10,148545491,0.104404965,0.129512541
10_148578578,10,148578578,0.094291755,0.020621941
10_2403494,10,2403494,0.075352455,0.021245157
10_25771752,10,25771752,0.176912378,0.086028115
10_46858817,10,46858817,0.222045092,0.04503086
10_54091053,10,54091053,0.24432497,0.102021804
10_57259367,10,57259367,0.093909928,0.117755929
10_57467243,10,57467243,0.166476625,0.155728739
10_5873436,10,5873436,0.069731968,0.243250307
10_61529577,10,61529577,0.07185896,0.199404517
10_79347364,10,79347364,0.064276228,0.191684188
10_8506793,10,8506793,0.051958651,0.193569636
10_86100973,10,86100973,0.164764474,0.078218799
10_86262503,10,86262503,0.088942308,0.272484067
10_86262503,10,86262503,0.088942308,0.257590661
10_8791365,10,8791365,0.127043747,0.157179777
10_87939970,10,87939970,0.110514541,0.129007746
10_88395612,10,88395612,0.22440031,0.136534628
10_95925762,10,95925762,0.060845332,0.174374283
10_95925762,10,95925762,0.060845332,0.208498902
1_100520462,1,100520462,0.209765412,0.017963823
1_105010426,1,105010426,0.171646404,0.091299719
1_11200823,1,11200823,0.131905299,0.12908656
1_139583356,1,139583356,0.146191936,0.106157652
1_150895901,1,150895901,0.11293721,0.110673001
1_151280884,1,151280884,0.119243604,0.119591075
1_155966145,1,155966145,0.071823204,0.250620813
1_165766217,1,165766217,0.142144638,0.123147108
1_167497465,1,167497465,0.145243129,0.095922245
1_17066458,1,17066458,0.098600122,0.128394475
1_17323530,1,17323530,0.09299084,0.123437784
1_174624253,1,174624253,0.095331834,0.113328573
1_17494830,1,17494830,0.062418443,0.629635316
1_175867804,1,175867804,0.087829615,0.154012967
1_17667587,1,17667587,0.150357407,0.118025708
1_176888426,1,176888426,0.101571663,0.130765999
1_176985158,1,176985158,0.083682008,0.133643772
1_181400708,1,181400708,0.081285444,0.148197302
1_181635769,1,181635769,0.100614215,0.149207729
1_181975274,1,181975274,0.096132287,0.147195169
1_182439821,1,182439821,0.080184109,0.156727245
1_182538347,1,182538347,0.172929209,0.142680531
1_183081134,1,183081134,0.093080054,0.09223628
1_183815637,1,183815637,0.216952336,0.100419261
1_184907367,1,184907367,0.06993007,0.15824867
1_187721442,1,187721442,0.198542347,0.374145445
1_188031292,1,188031292,0.072372698,0.193453724
1_188289480,1,188289480,0.194591863,0.102021081
1_190140899,1,190140899,0.080577137,0.09977919
1_190721650,1,190721650,0.064705882,0.144820317
1_190823796,1,190823796,0.16636528,0.171132971
1_191375289,1,191375289,0.10022779,0.119776733
1_192055121,1,192055121,0.117007105,0.178069229
1_192677968,1,192677968,0.099522069,0.143222607
1_193841638,1,193841638,0.058149287,0.33600067
1_19399713,1,19399713,0.235586266,0.103117831
1_195723017,1,195723017,0.288180341,0.069109143
1_196127376,1,196127376,0.079649542,0.542554663
1_196212762,1,196212762,0.193214141,0.080811451
1_196214174,1,196214174,0.128678709,0.144356484
1_196544533,1,196544533,0.131171246,0.110522588
1_196572210,1,196572210,0.158172232,0.11339216
1_196572507,1,196572507,0.153634245,0.105683446
1_196586876,1,196586876,0.145909646,0.106500788
1_198094177,1,198094177,0.05747992,0.099429375
1_198378529,1,198378529,0.0625843,0.181132579
1_199403232,1,199403232,0.081403509,0.178134568
1_200415793,1,200415793,0.154901961,0.146630872
1_203627091,1,203627091,0.07359892,0.113293801
1_20959364,1,20959364,0.140194076,0.067664829
1_21125582,1,21125582,0.148169336,0.091739638
1_215465825,1,215465825,0.092105263,0.085791024
1_219229096,1,219229096,0.234953188,0.108240891
1_231445487,1,231445487,0.183851487,0.192597673
1_23242796,1,23242796,0.116473041,0.162910641
1_234075107,1,234075107,0.06556895,0.188768608
1_235175529,1,235175529,0.054191981,0.183519755
1_237785837,1,237785837,0.080180406,0.1371683
1_237926964,1,237926964,0.094574932,0.18340026
1_239440925,1,239440925,0.073007368,0.377864241
1_24190522,1,24190522,0.187574671,0.145920013
1_242650729,1,242650729,0.263325183,0.073343318
1_242952036,1,242952036,0.146896259,0.084551543
1_245951421,1,245951421,0.317312799,0.088124575
1_250686707,1,250686707,0.081996435,0.208307009
1_260818395,1,260818395,0.121759456,0.13795928
1_261507384,1,261507384,0.139766335,0.081200656
1_262510993,1,262510993,0.135463259,0.186311265
1_264871700,1,264871700,0.224415584,0.098528446
1_265003595,1,265003595,0.077044736,0.153963796
1_270989169,1,270989169,0.215543813,0.079509395
1_276981594,1,276981594,0.253710104,0.105089295
1_276993053,1,276993053,0.295101553,0.066561908
1_279580047,1,279580047,0.080389145,0.1822851
1_282472645,1,282472645,0.161874576,0.11593052
1_282685408,1,282685408,0.102488298,0.156199344
1_283251471,1,283251471,0.28301119,0.198909853
1_284577636,1,284577636,0.10246067,0.094063046
1_284911403,1,284911403,0.341209625,0.07562662
1_285978724,1,285978724,0.198738812,0.074220628
1_286501054,1,286501054,0.25554078,0.061732581
1_286994312,1,286994312,0.118544124,0.169139106
1_288393095,1,288393095,0.200973433,0.080136922
1_289042876,1,289042876,0.184116597,0.082024351
1_290202607,1,290202607,0.178414974,0.145990324
1_293633937,1,293633937,0.229015544,0.102948419
1_294482577,1,294482577,0.061278394,0.203961572
1_295763651,1,295763651,0.148546396,0.081271154
1_295764524,1,295764524,0.109776305,0.100684487
1_298741121,1,298741121,0.376219512,0.124254957
1_298969383,1,298969383,0.071443669,0.133290229
1_299179108,1,299179108,0.12475135,0.11239414
1_299361542,1,299361542,0.110551498,0.110967387
1_29952471,1,29952471,0.081665332,0.035703742
1_300625953,1,300625953,0.050052687,0.32031699
1_31588149,1,31588149,0.10952381,0.179812591
1_32891654,1,32891654,0.162053466,0.114144534
1_33183829,1,33183829,0.075782537,0.134012167
1_33216505,1,33216505,0.305655117,0.091893755
1_33266126,1,33266126,0.075026567,0.136765644
1_34246013,1,34246013,0.310071372,0.086873045
1_34593887,1,34593887,0.117915309,0.106092807
1_34639324,1,34639324,0.225607328,0.078970764
1_34996958,1,34996958,0.087281796,0.12442698
1_35742009,1,35742009,0.099761051,0.106044655
1_35833220,1,35833220,0.110911987,0.109458919
1_36101931,1,36101931,0.084164748,0.139863972
1_36974201,1,36974201,0.101951414,0.112613536
1_38137177,1,38137177,0.080981027,0.139588756
1_38786438,1,38786438,0.088668913,0.121906157
1_38849426,1,38849426,0.09693287,0.142733872
1_40419549,1,40419549,0.103667585,0.227007605
1_44746997,1,44746997,0.086281277,0.198185355
1_45276555,1,45276555,0.143570808,0.09618539
1_45284912,1,45284912,0.050904977,0.206632033
1_48267305,1,48267305,0.116545752,0.118573293
1_48761526,1,48761526,0.090116946,0.186093256
1_50272217,1,50272217,0.0670194,0.202756641
1_52064768,1,52064768,0.070318106,0.165627114
1_52086572,1,52086572,0.164327002,0.11485028
1_54458611,1,54458611,0.053230857,0.394246657
1_54591107,1,54591107,0.050673697,0.338238886
1_55845518,1,55845518,0.075471698,0.301549557
1_56757696,1,56757696,0.095778574,0.113543032
1_58038185,1,58038185,0.070995452,0.135707328
1_65168147,1,65168147,0.16401766,0.165586069
1_73504040,1,73504040,0.0599378,0.02420499
1_74480477,1,74480477,0.128633721,0.265021113
1_74745753,1,74745753,0.051437216,0.102881896
1_76572659,1,76572659,0.055631306,0.096341054
1_80431948,1,80431948,0.453205894,0.230168752
1_80703371,1,80703371,0.05435081,0.087040475
1_81234963,1,81234963,0.056527977,0.085810004
1_81831095,1,81831095,0.051342194,0.083305012
1_83376854,1,83376854,0.238554217,0.166562182
1_85132962,1,85132962,0.380317786,0.074621135
1_8636524,1,8636524,0.092692391,0.081276172
1_88010599,1,88010599,0.394805762,0.086301314
1_90323887,1,90323887,0.248705695,0.086938172
1_90675907,1,90675907,0.24488189,0.184574156
1_90675907,1,90675907,0.24488189,0.08203362
1_9379222,1,9379222,0.192271219,0.30889278
1_93943065,1,93943065,0.212452578,0.057807556
1_97028231,1,97028231,0.16710621,0.140396341
2_104302971,2,104302971,0.180168503,0.12937208
2_10475451,2,10475451,0.12962963,0.111162881
2_112790356,2,112790356,0.084943927,0.091515281
2_11671251,2,11671251,0.318921328,0.564566201
2_11824412,2,11824412,0.09039666,0.147278081
2_11993841,2,11993841,0.070565798,0.160681487
2_12335554,2,12335554,0.055241521,0.199020296
2_12684709,2,12684709,0.176224612,0.057894292
2_127438334,2,127438334,0.096167411,0.130917647
2_129185406,2,129185406,0.060452794,0.10610313
2_13129167,2,13129167,0.053818182,0.193210803
2_13446737,2,13446737,0.115463918,0.130588647
2_13521324,2,13521324,0.206904038,0.09307639
2_13521395,2,13521395,0.23397053,0.081302586
2_13543975,2,13543975,0.075179533,0.157949422
2_139084877,2,139084877,0.116330007,0.13628403
2_143532624,2,143532624,0.138881797,0.100346464
2_16399703,2,16399703,0.061555372,0.146931029
2_169683638,2,169683638,0.211469534,0.120732135
2_172527226,2,172527226,0.063314711,0.460804863
2_176068470,2,176068470,0.078865659,0.402483581
2_179986254,2,179986254,0.076662684,0.396701976
2_181126242,2,181126242,0.071149144,0.447326182
2_188400866,2,188400866,0.239321608,0.118932411
2_202154674,2,202154674,0.079974132,0.367979636
2_202746008,2,202746008,0.128484594,0.106179917
2_203936751,2,203936751,0.13739546,0.133230246
2_205481406,2,205481406,0.057517446,0.151760459
2_205800630,2,205800630,0.116190476,0.133786929
2_206902539,2,206902539,0.130009542,0.107221255
2_218858196,2,218858196,0.096078024,0.10021427
2_221370143,2,221370143,0.148648649,0.199980654
2_221927615,2,221927615,0.081066227,0.133704778
2_221956247,2,221956247,0.05054716,0.193905855
2_222467411,2,222467411,0.154737698,0.131553845
2_222736494,2,222736494,0.0940373,0.153286088
2_223474028,2,223474028,0.115999017,0.12176911
2_224731725,2,224731725,0.146696035,0.115252438
2_232101765,2,232101765,0.136219124,0.182248741
2_234533019,2,234533019,0.205097571,0.265857593
2_234645463,2,234645463,0.153328347,0.138476636
2_30544790,2,30544790,0.148842105,0.179029526
2_33651538,2,33651538,0.114013173,0.159213316
2_36911180,2,36911180,0.235165273,0.071400307
2_3780782,2,3780782,0.292512943,0.094833577
2_4303747,2,4303747,0.495619275,0.066849653
2_5066900,2,5066900,0.132019116,0.221115357
2_5460349,2,5460349,0.077802091,0.763966184
2_5815819,2,5815819,0.149940263,0.101483985
2_6991943,2,6991943,0.221431476,0.0906772
2_7045538,2,7045538,0.120469932,0.234434781
2_72086702,2,72086702,0.084870849,0.136047138
2_7604583,2,7604583,0.05,0.147803525
2_9607060,2,9607060,0.404221426,0.145918985
3_10010169,3,10010169,0.160295931,0.109779046
3_10071807,3,10071807,0.14382662,0.109221867
3_113556992,3,113556992,0.293695973,0.066191605
3_116851382,3,116851382,0.204847355,0.317620832
3_120605071,3,120605071,0.169132653,0.334542683
3_122074551,3,122074551,0.276352662,0.084760262
3_125710988,3,125710988,0.120101138,0.090014026
3_126722821,3,126722821,0.05890636,0.22386206
3_132492119,3,132492119,0.168080357,0.329113076
3_133983545,3,133983545,0.059055118,0.585424043
3_134134017,3,134134017,0.295107838,0.421484333
3_135584407,3,135584407,0.239287325,0.111774283
3_150169884,3,150169884,0.265873906,0.281472888
3_151624953,3,151624953,0.251294305,0.076841623
3_155380687,3,155380687,0.054302204,0.486392216
3_155793854,3,155793854,0.252737226,0.48947279
3_158974466,3,158974466,0.247099532,0.108295909
3_159801118,3,159801118,0.137428752,0.120932132
3_159801118,3,159801118,0.137428752,0.134647331
3_160010322,3,160010322,0.266996292,0.080643951
3_165454559,3,165454559,0.351012146,0.081832675
3_166194947,3,166194947,0.090791849,0.146762296
3_166204428,3,166204428,0.090775988,0.130650273
3_166243665,3,166243665,0.050869794,0.263202629
3_169714538,3,169714538,0.09177543,0.178588615
3_17034011,3,17034011,0.105336519,0.378866627
3_171549336,3,171549336,0.051724138,0.200461266
3_171785729,3,171785729,0.052827183,0.149462835
3_172050636,3,172050636,0.171268019,0.132917661
3_176483663,3,176483663,0.249868074,0.116718794
3_176554700,3,176554700,0.061363636,0.207245204
3_177041357,3,177041357,0.108913649,0.172399989
3_178040291,3,178040291,0.436717352,0.059893329
3_178101048,3,178101048,0.101358412,0.137491523
3_180962591,3,180962591,0.074082517,0.181105741
3_182089009,3,182089009,0.370171247,0.285348402
3_184622318,3,184622318,0.153050933,0.127720538
3_18965943,3,18965943,0.058207576,0.152312048
3_190510029,3,190510029,0.376593807,0.119276168
3_195314653,3,195314653,0.285395084,0.135254465
3_196870029,3,196870029,0.349860613,0.069154269
3_198540869,3,198540869,0.245120999,0.056855926
3_199054611,3,199054611,0.144715063,0.123018917
3_19945982,3,19945982,0.169056153,0.624709244
3_19967451,3,19967451,0.398830156,0.121237914
3_202837309,3,202837309,0.384474886,0.08326743
3_206950536,3,206950536,0.254578755,0.097448769
3_209853867,3,209853867,0.331740342,0.07682281
3_21186404,3,21186404,0.072968119,0.46119726
3_213801587,3,213801587,0.430167598,0.088661405
3_213901464,3,213901464,0.29389236,0.086311462
3_213927330,3,213927330,0.175707547,0.089762839
3_214864602,3,214864602,0.161014534,0.1120492
3_226336037,3,226336037,0.194451854,0.09691559
3_230394737,3,230394737,0.359375,0.166841002
3_25915216,3,25915216,0.165795986,0.164041839
3_25980024,3,25980024,0.12978106,0.113975642
3_29003155,3,29003155,0.095405629,0.171641404
3_3069969,3,3069969,0.093389088,0.111085874
3_33029873,3,33029873,0.092805563,0.116719759
3_33920117,3,33920117,0.05017164,0.26878839
3_33994480,3,33994480,0.063915676,0.142194553
3_3428877,3,3428877,0.150338511,0.093640539
3_35028802,3,35028802,0.087327824,0.479177569
3_35522378,3,35522378,0.069801616,0.145024927
3_4345159,3,4345159,0.089361702,0.097170906
3_4655010,3,4655010,0.079734219,0.131013423
3_50164224,3,50164224,0.174703557,0.114673476
3_5394805,3,5394805,0.051962111,0.157559239
3_5468206,3,5468206,0.114663462,0.103325287
3_5897316,3,5897316,0.050355619,0.155291538
3_60571497,3,60571497,0.232731137,0.120301205
3_6494064,3,6494064,0.085646654,0.114885538
3_6670875,3,6670875,0.063226898,0.113896121
3_7518831,3,7518831,0.272013229,0.106174422
3_7628110,3,7628110,0.073594132,0.125806084
3_7830996,3,7830996,0.070621469,0.129193219
3_88481209,3,88481209,0.278574273,0.260656428
3_8977106,3,8977106,0.07745918,0.112181317
3_8977139,3,8977139,0.113898845,0.096142906
3_93085795,3,93085795,0.050538138,0.542979176
3_93390000,3,93390000,0.146471372,0.350293771
3_97574094,3,97574094,0.271997994,0.140169074
4_114197961,4,114197961,0.065235809,0.182539503
4_11821995,4,11821995,0.084909811,0.155878546
4_119770612,4,119770612,0.101649685,0.165297829
4_1223794,4,1223794,0.426677713,0.090183939
4_122840657,4,122840657,0.140888572,0.118259701
4_127309177,4,127309177,0.107151231,0.131738226
4_130523559,4,130523559,0.227953411,0.10455049
4_130873144,4,130873144,0.075039317,0.229004372
4_135604661,4,135604661,0.142754146,0.127566294
4_13840861,4,13840861,0.082702551,0.149913405
4_141885514,4,141885514,0.473914775,0.136358268
4_143947025,4,143947025,0.100986278,0.164795822
4_146429282,4,146429282,0.261766752,0.09794855
4_146507402,4,146507402,0.094460521,0.123340293
4_147704610,4,147704610,0.123399619,0.1311655
4_153402656,4,153402656,0.120402223,0.136289315
4_154258639,4,154258639,0.063793592,0.152067802
4_163249167,4,163249167,0.338758901,0.105623311
4_16603514,4,16603514,0.118876941,0.130039026
4_167039644,4,167039644,0.451214656,0.081727849
4_169973187,4,169973187,0.286951014,0.060006528
4_170794475,4,170794475,0.110998377,0.071619465
4_171631920,4,171631920,0.163878933,0.07000802
4_173554965,4,173554965,0.20568252,0.098925509
4_174915640,4,174915640,0.35355775,0.255857789
4_177321889,4,177321889,0.20829943,0.112355821
4_179732156,4,179732156,0.133351366,0.103504488
4_196981486,4,196981486,0.126187576,0.209020443
4_198574744,4,198574744,0.124840439,0.364088006
4_199499512,4,199499512,0.252903791,0.164741055
4_20054320,4,20054320,0.284317984,0.078111052
4_200757912,4,200757912,0.051152929,0.197173335
4_203318641,4,203318641,0.254772877,0.090051467
4_206361588,4,206361588,0.194264339,0.200776987
4_216318833,4,216318833,0.074470561,0.129346434
4_2186127,4,2186127,0.170398689,0.078618583
4_221670945,4,221670945,0.109392265,0.142055237
4_224451790,4,224451790,0.13345748,0.097947027
4_227279091,4,227279091,0.386499403,0.181606138
4_229539970,4,229539970,0.113301474,0.102952551
4_230231602,4,230231602,0.270662608,0.100904054
4_233205410,4,233205410,0.063257066,0.206785105
4_235202921,4,235202921,0.353046595,0.114379057
4_23716195,4,23716195,0.16652602,0.079703143
4_239092055,4,239092055,0.322587186,0.083891349
4_239208228,4,239208228,0.342493031,0.122565955
4_239213071,4,239213071,0.11546339,0.14148684
4_239803170,4,239803170,0.265830346,0.047017281
4_2481551,4,2481551,0.267882472,0.062954706
4_2512665,4,2512665,0.282194617,0.107318542
4_2986245,4,2986245,0.109074451,0.12224139
4_3110303,4,3110303,0.391676623,0.05505101
4_34928746,4,34928746,0.094205919,0.134975912
4_35079444,4,35079444,0.050318761,0.245917606
4_35968451,4,35968451,0.076144985,0.175819962
4_36162468,4,36162468,0.070822163,0.274562457
4_36230459,4,36230459,0.064128843,0.319177598
4_38290821,4,38290821,0.130987821,0.108683974
4_39334771,4,39334771,0.266427718,0.084821735
4_42784698,4,42784698,0.128819934,0.125839627
4_44085212,4,44085212,0.067570621,0.16901573
4_45871550,4,45871550,0.105826693,0.210722658
4_5200759,4,5200759,0.080517423,0.12738594
4_54183422,4,54183422,0.261497065,0.4056138
4_57120779,4,57120779,0.292374023,0.173483079
4_59111552,4,59111552,0.204493447,0.135805716
4_63326040,4,63326040,0.176015069,0.103878073
4_66991459,4,66991459,0.052180129,0.26601692
4_7155639,4,7155639,0.182106599,0.098761982
4_71634371,4,71634371,0.203893712,0.141603985
4_77377655,4,77377655,0.149309362,0.092524364
4_78546673,4,78546673,0.084673316,0.192867551
5_101596969,5,101596969,0.082863341,0.169800327
5_123550133,5,123550133,0.195983087,0.125513603
5_129403611,5,129403611,0.068207441,0.118989642
5_144826215,5,144826215,0.189117802,0.093247965
5_150275200,5,150275200,0.479772311,0.286051681
5_15447587,5,15447587,0.371403662,0.12446205
5_154684621,5,154684621,0.131053477,0.248888132
5_155257869,5,155257869,0.17984309,0.102521477
5_162752190,5,162752190,0.209457846,0.145233633
5_164592862,5,164592862,0.080488413,0.249483925
5_171363372,5,171363372,0.121664675,0.113995795
5_17378142,5,17378142,0.481879729,0.217252541
5_178583540,5,178583540,0.092605717,0.113400323
5_178600860,5,178600860,0.102569503,0.101963641
5_178924986,5,178924986,0.259060135,0.103632969
5_179387334,5,179387334,0.150793651,0.089897718
5_1821985,5,1821985,0.337913182,0.129798439
5_183517756,5,183517756,0.277685608,0.042059464
5_186371485,5,186371485,0.080965909,0.481126291
5_18700647,5,18700647,0.477100757,0.121846704
5_187514074,5,187514074,0.114634146,0.149047671
5_187854523,5,187854523,0.065416178,0.49485817
5_193478172,5,193478172,0.170550084,0.10406959
5_193500135,5,193500135,0.077758471,0.130912864
5_194115564,5,194115564,0.292944403,0.086232511
5_196544488,5,196544488,0.236957387,0.070636125
5_197608703,5,197608703,0.108710801,0.096605317
5_198531176,5,198531176,0.087769468,0.078431113
5_201402667,5,201402667,0.121366131,0.114360393
5_201939886,5,201939886,0.076923077,0.217958566
5_202092826,5,202092826,0.158786013,0.093091474
5_202311959,5,202311959,0.05257423,0.194620193
5_203039946,5,203039946,0.474579832,0.10916828
5_203823141,5,203823141,0.384707288,0.175152545
5_204388364,5,204388364,0.355925156,0.092654961
5_205153010,5,205153010,0.213031521,0.108768858
5_207902722,5,207902722,0.184520471,0.053816558
5_208173406,5,208173406,0.056852792,0.246527342
5_208278528,5,208278528,0.085821773,0.128921896
5_2104094,5,2104094,0.262461851,0.076425083
5_2112836,5,2112836,0.429398664,0.153922382
5_211916250,5,211916250,0.058929375,0.155837802
5_212089550,5,212089550,0.061560341,0.155798181
5_212090010,5,212090010,0.15802269,0.115516088
5_212688838,5,212688838,0.127518217,0.108092921
5_212859752,5,212859752,0.068751685,0.162463982
5_213079989,5,213079989,0.092110614,0.130216074
5_213280118,5,213280118,0.171132765,0.084684683
5_213291798,5,213291798,0.143624716,0.07324489
5_213348829,5,213348829,0.06201708,0.163233393
5_214000513,5,214000513,0.06981383,0.148793813
5_214761842,5,214761842,0.062576437,0.152074546
5_215288906,5,215288906,0.074074074,0.138843889
5_215393291,5,215393291,0.084627504,0.167906994
5_215468827,5,215468827,0.079862109,0.162712229
5_215794644,5,215794644,0.057769344,0.146561549
5_216205733,5,216205733,0.161407249,0.094195445
5_216443319,5,216443319,0.055131117,0.149651897
5_216507318,5,216507318,0.104110208,0.1176817
5_216537097,5,216537097,0.060737034,0.149380157
5_216644753,5,216644753,0.053166069,0.149870023
5_216759191,5,216759191,0.059531773,0.150788463
5_217071857,5,217071857,0.117139001,0.120319063
5_24222957,5,24222957,0.283221749,0.103642468
5_2704942,5,2704942,0.210099751,0.085108234
5_2767265,5,2767265,0.187665378,0.231220939
5_30740598,5,30740598,0.055687516,0.168744847
5_32035727,5,32035727,0.462564715,0.117043325
5_33216222,5,33216222,0.051341589,0.308075841
5_34727033,5,34727033,0.120412106,0.146556152
5_36048802,5,36048802,0.26171875,0.062432861
5_40780402,5,40780402,0.109306835,0.20623206
5_43802066,5,43802066,0.134085213,0.123998074
5_44985646,5,44985646,0.488485837,0.114742428
5_45966881,5,45966881,0.304763886,0.080162049
5_4918170,5,4918170,0.422939068,0.128675775
5_53429296,5,53429296,0.263042613,0.077634497
5_57292408,5,57292408,0.200732899,0.077140807
5_61528486,5,61528486,0.254679411,0.070878406
5_6917177,5,6917177,0.170373569,0.098344876
5_7132017,5,7132017,0.145023894,0.108630549
5_72614051,5,72614051,0.058626466,0.085936658
5_85114617,5,85114617,0.112587959,0.124305267
5_93323644,5,93323644,0.134307903,0.068675171
5_98245742,5,98245742,0.397794118,0.120089383
6_105266978,6,105266978,0.118492408,0.368176367
6_110798503,6,110798503,0.058612975,0.178587812
6_111555433,6,111555433,0.091500336,0.182056491
6_117156632,6,117156632,0.281082399,0.087317286
6_121657566,6,121657566,0.159480091,0.092616057
6_125187657,6,125187657,0.072082836,0.271472088
6_127686914,6,127686914,0.19269103,0.086268859
6_144725399,6,144725399,0.215066829,0.124933071
6_146894025,6,146894025,0.255017132,0.119102666
6_147708641,6,147708641,0.080367075,0.189443367
6_147725750,6,147725750,0.124804992,0.08508062
6_148596144,6,148596144,0.120413156,0.053261071
6_149075767,6,149075767,0.070864135,0.121706903
6_149586247,6,149586247,0.075655228,0.116058796
6_153100502,6,153100502,0.080908289,0.129108837
6_156399392,6,156399392,0.277661309,0.123189638
6_159278358,6,159278358,0.098983414,0.134572665
6_159721077,6,159721077,0.098875229,0.076227874
6_160005233,6,160005233,0.113424658,0.123821705
6_160162496,6,160162496,0.070552857,0.134267427
6_162635308,6,162635308,0.149509116,0.116251898
6_162635786,6,162635786,0.196868583,0.094827976
6_162698312,6,162698312,0.155990957,0.150660754
6_163817224,6,163817224,0.29739369,0.134256192
6_164742281,6,164742281,0.187829953,0.084202875
6_165092759,6,165092759,0.280167264,0.12426405
6_168436311,6,168436311,0.078255675,0.272010213
6_168653309,6,168653309,0.170561311,0.051905535
6_168702401,6,168702401,0.183476395,0.094720665
6_168933232,6,168933232,0.073017408,0.200168871
6_21886283,6,21886283,0.199704454,0.064875711
6_24921534,6,24921534,0.106760563,0.104884048
6_25906912,6,25906912,0.08517422,0.065446666
6_26697600,6,26697600,0.426589078,0.099410775
6_27501074,6,27501074,0.291191237,0.057856884
6_2906324,6,2906324,0.468128299,0.098711161
6_36380329,6,36380329,0.208814271,0.066868752
6_39509999,6,39509999,0.070853015,0.120819728
6_58770457,6,58770457,0.085720887,0.144356635
6_62133216,6,62133216,0.095868644,0.17723259
6_6256634,6,6256634,0.159591742,0.115779895
6_67965450,6,67965450,0.233020554,0.072350228
6_72102743,6,72102743,0.133203379,0.113122558
6_79468733,6,79468733,0.079435314,0.142602704
6_87587305,6,87587305,0.118570183,0.178456725
6_88911121,6,88911121,0.367945824,0.148083328
6_92740324,6,92740324,0.073142857,0.192591938
6_92788415,6,92788415,0.061657033,0.194538571
6_93583078,6,93583078,0.071254403,0.189296199
6_93738494,6,93738494,0.090601354,0.139415917
6_94505462,6,94505462,0.07715736,0.141951792
6_97369865,6,97369865,0.075006488,0.13836864
7_100932168,7,100932168,0.123431498,0.562534334
7_104010347,7,104010347,0.059280169,0.01367315
7_106804505,7,106804505,0.068993289,0.114626799
7_108387735,7,108387735,0.120208664,0.134668609
7_109027463,7,109027463,0.120530565,0.446377599
7_109532265,7,109532265,0.146480804,0.115266404
7_110111903,7,110111903,0.119081779,0.389959853
7_110275225,7,110275225,0.112466125,0.380568991
7_111394053,7,111394053,0.142958245,0.359180666
7_111847095,7,111847095,0.052963776,0.034287735
7_112128171,7,112128171,0.203569815,0.292745047
7_112744223,7,112744223,0.051288865,0.033238886
7_112790458,7,112790458,0.067762399,0.206678357
7_113379653,7,113379653,0.055992376,0.214400395
7_114883822,7,114883822,0.256912161,0.283030843
7_115513355,7,115513355,0.054473806,0.214147936
7_116039872,7,116039872,0.201119724,0.280633243
7_116608075,7,116608075,0.061213858,0.216955368
7_117691894,7,117691894,0.283300417,0.260075521
7_118299552,7,118299552,0.087589074,0.042681735
7_118309445,7,118309445,0.168314186,0.381004026
7_118309833,7,118309833,0.055819477,0.212367903
7_118608895,7,118608895,0.063945578,0.214163648
7_119061932,7,119061932,0.261031018,0.26637598
7_119167049,7,119167049,0.153947716,0.344341252
7_119288075,7,119288075,0.133684211,0.407049584
7_120167688,7,120167688,0.209677419,0.31935641
7_120282878,7,120282878,0.053984576,0.033681109
7_121842383,7,121842383,0.07912844,0.160413084
7_121982686,7,121982686,0.279310345,0.276807632
7_122050508,7,122050508,0.062213843,0.223964353
7_122317208,7,122317208,0.1992002,0.30652792
7_122705688,7,122705688,0.253809416,0.311715773
7_122710487,7,122710487,0.18080446,0.59098618
7_122949373,7,122949373,0.057577268,0.226317628
7_123485781,7,123485781,0.108321228,0.411248739
7_123679332,7,123679332,0.113301474,0.724533557
7_123753178,7,123753178,0.135485578,0.421080672
7_124192112,7,124192112,0.089649765,0.166427476
7_124700153,7,124700153,0.381919554,0.449275302
7_124728318,7,124728318,0.258954394,0.271130105
7_125147070,7,125147070,0.16040425,0.101123338
7_125384086,7,125384086,0.144607843,0.114081937
7_125504208,7,125504208,0.110449243,0.374023615
7_125944852,7,125944852,0.055043647,0.221243714
7_126147232,7,126147232,0.187378641,0.101186005
7_126354127,7,126354127,0.108461701,0.108520495
7_126745985,7,126745985,0.053473383,0.217357601
7_126777485,7,126777485,0.17753022,0.071887476
7_126953358,7,126953358,0.07616303,0.026261865
7_126954604,7,126954604,0.104183757,0.425924664
7_127309354,7,127309354,0.127349159,0.393130002
7_127597897,7,127597897,0.077633235,0.131099432
7_128446910,7,128446910,0.120592859,0.369916454
7_129231993,7,129231993,0.073277579,0.138506475
7_129309748,7,129309748,0.071197411,0.14411557
7_129900450,7,129900450,0.105796001,0.189961799
7_130134689,7,130134689,0.070920116,0.024846008
7_130253682,7,130253682,0.072686779,0.144981768
7_130548038,7,130548038,0.085950816,0.145615007
7_130872363,7,130872363,0.053133122,0.071026872
7_131579592,7,131579592,0.215740348,0.091402363
7_133623076,7,133623076,0.072631365,0.17668602
7_135729921,7,135729921,0.164872282,0.109158766
7_140710956,7,140710956,0.121266428,0.097413788
7_144836720,7,144836720,0.196428571,0.088321218
7_145981878,7,145981878,0.452210275,0.116597367
7_14806932,7,14806932,0.120204604,0.081385863
7_153850324,7,153850324,0.114797032,0.050992707
7_153947251,7,153947251,0.195771554,0.101737838
7_155593394,7,155593394,0.100024337,0.177767806
7_156214090,7,156214090,0.231182796,0.056005523
7_1571928,7,1571928,0.071397849,0.159954349
7_157476918,7,157476918,0.105094758,0.128949297
7_158939368,7,158939368,0.155180723,0.122882632
7_160037528,7,160037528,0.076685538,0.182556909
7_160592375,7,160592375,0.059737157,0.919844539
7_161689239,7,161689239,0.110877193,0.128061712
7_162959909,7,162959909,0.254278729,0.102148244
7_164497196,7,164497196,0.071336595,0.162599177
7_165063324,7,165063324,0.126895003,0.154772559
7_165360236,7,165360236,0.067206478,0.132416445
7_165401082,7,165401082,0.05761658,0.142636278
7_165474613,7,165474613,0.373048128,0.107375633
7_166668757,7,166668757,0.099788185,0.128399562
7_167229467,7,167229467,0.076861808,0.162769081
7_167504271,7,167504271,0.146712662,0.354078529
7_170663690,7,170663690,0.095038068,0.144350145
7_170874621,7,170874621,0.066823529,0.196559971
7_171361806,7,171361806,0.115706806,0.153585403
7_172334520,7,172334520,0.168998002,0.157842086
7_172502082,7,172502082,0.300278773,0.055059941
7_172752963,7,172752963,0.179209979,0.146035126
7_173219478,7,173219478,0.176373399,0.101619461
7_174505006,7,174505006,0.312195122,0.10835751
7_174571730,7,174571730,0.165318172,0.077722786
7_175538570,7,175538570,0.140780566,0.127156146
7_21796955,7,21796955,0.132231405,0.097806312
7_22500532,7,22500532,0.077895802,0.184557451
7_24458643,7,24458643,0.2146906,0.480345236
7_36920101,7,36920101,0.081839904,0.144260594
7_44417404,7,44417404,0.066171182,0.156410068
7_44690579,7,44690579,0.129085741,0.075777144
7_4822117,7,4822117,0.229965157,0.130775935
7_75916947,7,75916947,0.089909444,0.132886647
7_76199758,7,76199758,0.097902098,0.126641794
7_79013679,7,79013679,0.087355212,0.14893181
7_87681750,7,87681750,0.071744216,0.129530497
7_89931437,7,89931437,0.071613237,0.158681437
7_92337088,7,92337088,0.107253086,0.127804949
8_10156409,8,10156409,0.099893447,0.152568696
8_10457231,8,10457231,0.320818291,0.056501991
8_105759482,8,105759482,0.122759483,0.153144359
8_105760010,8,105760010,0.131682481,0.132918971
8_10863191,8,10863191,0.149542015,0.159269173
8_10865214,8,10865214,0.311086897,0.062512163
8_110216460,8,110216460,0.294504182,0.087319796
8_113657816,8,113657816,0.325368379,0.128214273
8_115132164,8,115132164,0.296565555,0.115557854
8_116428903,8,116428903,0.152,0.134839531
8_118548296,8,118548296,0.055338691,0.139383328
8_119734884,8,119734884,0.11424513,0.181520929
8_121110787,8,121110787,0.231157187,0.090375279
8_12131373,8,12131373,0.102768903,0.13898233
8_121884737,8,121884737,0.245266005,0.109640003
8_122152473,8,122152473,0.092506938,0.249702804
8_122427027,8,122427027,0.227399442,0.081282348
8_122427027,8,122427027,0.227399442,0.088537095
8_122427027,8,122427027,0.227399442,0.120391582
8_122698708,8,122698708,0.233445803,0.086155025
8_12572819,8,12572819,0.076923077,0.153627924
8_12605056,8,12605056,0.139246431,0.116093532
8_12788578,8,12788578,0.123961794,0.125689667
8_128843096,8,128843096,0.101293103,0.147072159
8_128843096,8,128843096,0.101293103,0.201921517
8_12990159,8,12990159,0.279325066,0.073074072
8_130611458,8,130611458,0.176502146,0.129155711
8_13288130,8,13288130,0.061529271,0.149308125
8_13293351,8,13293351,0.117522374,0.121707327
8_134065699,8,134065699,0.220828355,0.098870882
8_13445797,8,13445797,0.175589337,0.096264895
8_134571470,8,134571470,0.085388994,0.177335848
8_134631497,8,134631497,0.065026362,0.163255993
8_13554138,8,13554138,0.134602311,0.10800958
8_135951680,8,135951680,0.152727997,0.100051489
8_13613954,8,13613954,0.11733408,0.134293139
8_137472289,8,137472289,0.080745342,0.156858309
8_138225231,8,138225231,0.096296296,0.152543645
8_138225231,8,138225231,0.096296296,0.259840155
8_138691618,8,138691618,0.093701997,0.154183023
8_143470731,8,143470731,0.05475906,0.244129848
8_144364737,8,144364737,0.072483221,0.15050055
8_146622915,8,146622915,0.094756023,0.119500963
8_146975487,8,146975487,0.143178748,0.146205201
8_146992457,8,146992457,0.095181203,0.339709687
8_14843365,8,14843365,0.245395948,0.107525599
8_157880667,8,157880667,0.058309675,0.01516502
8_16001429,8,16001429,0.072463768,0.176826994
8_160107203,8,160107203,0.070506198,0.06615884
8_161046112,8,161046112,0.116754478,0.108348326
8_161479489,8,161479489,0.050842922,0.255128938
8_162171897,8,162171897,0.075522228,0.161706523
8_163616282,8,163616282,0.112504978,0.137006721
8_164042564,8,164042564,0.163722533,0.073670652
8_165584952,8,165584952,0.206491438,0.094394683
8_166380166,8,166380166,0.112602535,0.018441279
8_166783337,8,166783337,0.226438441,0.113451705
8_167416607,8,167416607,0.127648017,0.096616185
8_171759566,8,171759566,0.13104783,0.152742964
8_173034786,8,173034786,0.439466348,0.088701181
8_173284040,8,173284040,0.21293555,0.099069213
8_18895785,8,18895785,0.34413039,0.453239843
8_19819479,8,19819479,0.059092991,0.204451757
8_20014720,8,20014720,0.16191446,0.177967913
8_20032286,8,20032286,0.078076525,0.165973843
8_20488715,8,20488715,0.416340621,0.082821055
8_21628016,8,21628016,0.205409975,0.098419228
8_22509812,8,22509812,0.22157742,0.087758792
8_33733351,8,33733351,0.055603572,0.617354499
8_36547360,8,36547360,0.462014864,0.063757455
8_36883535,8,36883535,0.109080993,0.124079009
8_3730574,8,3730574,0.104318418,0.1191922
8_38251760,8,38251760,0.243697479,0.094001051
8_38906412,8,38906412,0.120231772,0.121315857
8_38909883,8,38909883,0.074777887,0.151909977
8_44379543,8,44379543,0.286566316,0.089220578
8_45360577,8,45360577,0.204522097,0.091188148
8_5189747,8,5189747,0.137352246,0.127945375
8_653426,8,653426,0.087236679,0.200915638
8_69456571,8,69456571,0.096694892,0.188984474
8_71191541,8,71191541,0.067365662,0.193877262
8_74433478,8,74433478,0.072874494,0.190962806
8_78420576,8,78420576,0.061358656,0.187185211
8_80386418,8,80386418,0.142205638,0.223058583
8_85120056,8,85120056,0.089432925,0.155796843
8_85657242,8,85657242,0.060606061,0.186368994
8_88399164,8,88399164,0.066681584,0.154977446
8_88450281,8,88450281,0.151023664,0.10273026
8_89174105,8,89174105,0.168055929,0.103552913
8_91977894,8,91977894,0.088061174,0.162540548
8_98560734,8,98560734,0.069518717,0.137980232
9_100594132,9,100594132,0.315695067,0.089256493
9_102348594,9,102348594,0.126434245,0.144854446
9_107334513,9,107334513,0.341221683,0.211502408
9_112217710,9,112217710,0.055085901,0.260746492
9_118531144,9,118531144,0.153122327,0.140271979
9_120883905,9,120883905,0.403791276,0.090151786
9_122073311,9,122073311,0.184124919,0.104697013
9_123360825,9,123360825,0.415571485,0.078457709
9_127867885,9,127867885,0.337913182,0.09484257
9_128725659,9,128725659,0.080113101,0.192980281
9_135128792,9,135128792,0.079572764,0.165091507
9_135485498,9,135485498,0.091109155,0.10225696
9_136003474,9,136003474,0.163455431,0.055868355
9_136570863,9,136570863,0.082539683,0.171636148
9_138348816,9,138348816,0.128081199,0.105070323
9_138682705,9,138682705,0.365737252,0.116782656
9_13953498,9,13953498,0.107063404,0.598145985
9_139614991,9,139614991,0.109502447,0.3410264
9_140520549,9,140520549,0.423357664,0.143150367
9_141326300,9,141326300,0.291907514,0.079527196
9_141390247,9,141390247,0.194411273,0.121687614
9_14312114,9,14312114,0.435483871,0.074905486
9_144376462,9,144376462,0.083559075,0.133994861
9_144845410,9,144845410,0.175040519,0.090610496
9_144845410,9,144845410,0.175040519,0.082233324
9_145169960,9,145169960,0.11292517,0.134985502
9_145524924,9,145524924,0.093301435,0.126658877
9_145642409,9,145642409,0.181223849,0.105955687
9_146303421,9,146303421,0.284354305,0.15011064
9_146918464,9,146918464,0.47309417,0.133797041
9_147058902,9,147058902,0.101978691,0.127644641
9_148199284,9,148199284,0.26718886,0.080913716
9_150838722,9,150838722,0.089106601,0.094903792
9_151209500,9,151209500,0.056167697,0.019803169
9_155596847,9,155596847,0.339900456,0.244786549
9_16368323,9,16368323,0.128943468,0.125515958
9_16431117,9,16431117,0.144563919,0.117921368
9_18449444,9,18449444,0.117647059,0.158469216
9_20816202,9,20816202,0.201955121,0.016183133
9_23055900,9,23055900,0.14862183,0.131198848
9_23055926,9,23055926,0.123897707,0.13855437
9_4317653,9,4317653,0.264544688,0.081839532
9_45389694,9,45389694,0.359196133,0.146549142
9_47502227,9,47502227,0.087677156,0.14696103
9_48459632,9,48459632,0.105918212,0.212308664
9_5078909,9,5078909,0.216442049,0.110844723
9_50792317,9,50792317,0.11930759,0.185300641
9_70925820,9,70925820,0.112138454,0.056921041
9_76545858,9,76545858,0.130994793,0.391465345
9_78369341,9,78369341,0.173052525,0.356006169
9_80207462,9,80207462,0.172404661,0.120921438
9_8965747,9,8965747,0.272799681,0.090638378
9_9969450,9,9969450,0.133412983,0.109238852