SNPid,Chromosome,Position,p.value,trait
2_7045538,2,7045538,1.37E-08,amino acid
2_188400866,2,188400866,1.28E-12,amino acid
3_171549336,3,171549336,1.67E-09,amino acid
5_2104094,5,2104094,1.28E-08,amino acid
5_24222957,5,24222957,9.13E-12,amino acid
5_33216222,5,33216222,1.99E-14,amino acid
6_111555433,6,111555433,6.61E-14,amino acid
8_110216460,8,110216460,6.77E-11,amino acid
8_162171897,8,162171897,6.23E-09,amino acid
8_173284040,8,173284040,8.55E-10,amino acid
9_8965747,9,8965747,6.09E-11,amino acid
1_35742009,1,35742009,2.38E-09,AS_interval
1_90675907,1,90675907,3.26E-25,AS_interval
1_195723017,1,195723017,2.26E-12,AS_interval
1_270989169,1,270989169,1.51E-10,AS_interval
1_289042876,1,289042876,2.99E-10,AS_interval
2_7604583,2,7604583,1.22E-08,AS_interval
2_234645463,2,234645463,7.08E-21,AS_interval
3_198540869,3,198540869,3.13E-09,AS_interval
4_38290821,4,38290821,1.98E-09,AS_interval
4_78546673,4,78546673,5.62E-13,AS_interval
4_239803170,4,239803170,1.90E-10,AS_interval
5_30740598,5,30740598,2.09E-17,AS_interval
5_72614051,5,72614051,8.01E-09,AS_interval
5_93323644,5,93323644,9.25E-10,AS_interval
5_183517756,5,183517756,5.96E-11,AS_interval
5_198531176,5,198531176,4.89E-12,AS_interval
5_207902722,5,207902722,5.56E-10,AS_interval
6_25906912,6,25906912,3.35E-10,AS_interval
6_148596144,6,148596144,9.79E-10,AS_interval
6_159721077,6,159721077,6.01E-12,AS_interval
6_168653309,6,168653309,1.40E-11,AS_interval
7_130872363,7,130872363,1.02E-10,AS_interval
7_153850324,7,153850324,1.81E-08,AS_interval
9_70925820,9,70925820,2.32E-09,AS_interval
9_136003474,9,136003474,1.03E-15,AS_interval
10_46858817,10,46858817,5.36E-16,AS_interval
1_284911403,1,284911403,5.48E-09,chlorophyllA
2_169683638,2,169683638,2.69E-13,chlorophyllA
3_180962591,3,180962591,1.99E-10,chlorophyllA
4_200757912,4,200757912,3.97E-10,chlorophyllA
6_162635786,6,162635786,5.12E-09,chlorophyllA
8_143470731,8,143470731,1.39E-10,chlorophyllA
9_50792317,9,50792317,9.80E-14,chlorophyllA
1_48761526,1,48761526,3.00E-11,chlorophyllB
1_52064768,1,52064768,8.62E-12,chlorophyllB
1_54458611,1,54458611,9.04E-09,chlorophyllB
1_54591107,1,54591107,8.78E-15,chlorophyllB
1_55845518,1,55845518,4.10E-16,chlorophyllB
1_155966145,1,155966145,7.62E-13,chlorophyllB
1_193841638,1,193841638,7.78E-16,chlorophyllB
1_300625953,1,300625953,3.48E-15,chlorophyllB
3_171785729,3,171785729,1.96E-08,chlorophyllB
7_160037528,7,160037528,7.63E-16,chlorophyllB
7_160592375,7,160592375,1.19E-12,chlorophyllB
7_170874621,7,170874621,1.39E-09,chlorophyllB
8_144364737,8,144364737,1.96E-10,chlorophyllB
10_5873436,10,5873436,1.01E-09,chlorophyllB
1_56757696,1,56757696,6.17E-10,cob diameter
1_74480477,1,74480477,2.63E-18,cob diameter
1_260818395,1,260818395,8.83E-14,cob diameter
2_10475451,2,10475451,1.36E-08,cob diameter
2_11824412,2,11824412,3.73E-09,cob diameter
2_11993841,2,11993841,2.28E-09,cob diameter
2_12335554,2,12335554,1.01E-09,cob diameter
2_13129167,2,13129167,6.48E-09,cob diameter
2_13446737,2,13446737,3.87E-09,cob diameter
2_13521324,2,13521324,4.22E-09,cob diameter
2_13521395,2,13521395,1.46E-08,cob diameter
2_13543975,2,13543975,3.94E-09,cob diameter
2_16399703,2,16399703,1.52E-08,cob diameter
2_221370143,2,221370143,2.31E-09,cob diameter
2_221956247,2,221956247,1.36E-08,cob diameter
2_222736494,2,222736494,2.14E-09,cob diameter
2_223474028,2,223474028,9.19E-09,cob diameter
3_209853867,3,209853867,8.87E-14,cob diameter
4_7155639,4,7155639,1.31E-08,cob diameter
4_57120779,4,57120779,3.14E-26,cob diameter
4_167039644,4,167039644,1.37E-08,cob diameter
4_177321889,4,177321889,1.94E-13,cob diameter
4_233205410,4,233205410,1.42E-16,cob diameter
5_6917177,5,6917177,1.31E-08,cob diameter
5_7132017,5,7132017,3.75E-09,cob diameter
5_201402667,5,201402667,1.25E-08,cob diameter
7_140710956,7,140710956,1.80E-09,cob diameter
7_162959909,7,162959909,2.05E-15,cob diameter
8_173034786,8,173034786,1.40E-18,cob diameter
1_8636524,1,8636524,5.59E-10,days to anthesis
1_21125582,1,21125582,6.33E-11,days to anthesis
1_90323887,1,90323887,1.24E-13,days to anthesis
1_183815637,1,183815637,5.05E-17,days to anthesis
1_261507384,1,261507384,3.76E-09,days to anthesis
1_285978724,1,285978724,1.56E-13,days to anthesis
2_72086702,2,72086702,2.02E-10,days to anthesis
3_60571497,3,60571497,3.73E-09,days to anthesis
3_159801118,3,159801118,1.07E-13,days to anthesis
4_2186127,4,2186127,2.10E-09,days to anthesis
4_77377655,4,77377655,4.13E-10,days to anthesis
5_2704942,5,2704942,7.72E-16,days to anthesis
5_44985646,5,44985646,1.10E-12,days to anthesis
5_144826215,5,144826215,8.30E-09,days to anthesis
6_149075767,6,149075767,7.75E-09,days to anthesis
6_160162496,6,160162496,2.06E-09,days to anthesis
7_44690579,7,44690579,1.27E-08,days to anthesis
7_108387735,7,108387735,2.55E-09,days to anthesis
8_122427027,8,122427027,1.16E-11,days to anthesis
8_128843096,8,128843096,2.71E-14,days to anthesis
8_138225231,8,138225231,1.42E-08,days to anthesis
8_164042564,8,164042564,2.27E-09,days to anthesis
10_86262503,10,86262503,2.40E-48,days to anthesis
10_143255315,10,143255315,3.21E-14,days to anthesis
1_215465825,1,215465825,6.50E-09,days to silk
1_286501054,1,286501054,5.27E-12,days to silk
2_12684709,2,12684709,1.33E-08,days to silk
2_218858196,2,218858196,1.13E-08,days to silk
3_10010169,3,10010169,2.47E-15,days to silk
3_158974466,3,158974466,1.35E-22,days to silk
3_202837309,3,202837309,7.16E-14,days to silk
4_2481551,4,2481551,1.64E-11,days to silk
4_224451790,4,224451790,8.36E-16,days to silk
5_197608703,5,197608703,1.16E-11,days to silk
5_213291798,5,213291798,6.32E-09,days to silk
6_21886283,6,21886283,1.54E-08,days to silk
6_24921534,6,24921534,4.07E-09,days to silk
6_27501074,6,27501074,8.04E-09,days to silk
6_36380329,6,36380329,2.37E-09,days to silk
6_147725750,6,147725750,1.17E-08,days to silk
6_149586247,6,149586247,1.69E-08,days to silk
6_160005233,6,160005233,3.56E-14,days to silk
7_156214090,7,156214090,3.23E-09,days to silk
7_172502082,7,172502082,6.48E-09,days to silk
7_174505006,7,174505006,4.44E-09,days to silk
7_174571730,7,174571730,4.14E-09,days to silk
8_121884737,8,121884737,5.80E-09,days to silk
8_138225231,8,138225231,6.72E-26,days to silk
8_146975487,8,146975487,5.62E-10,days to silk
9_135485498,9,135485498,7.34E-09,days to silk
9_144845410,9,144845410,1.34E-11,days to silk
10_95925762,10,95925762,7.31E-09,days to silk
1_196212762,1,196212762,1.38E-08,ear height (cm)
2_224731725,2,224731725,1.07E-09,ear height (cm)
3_4345159,3,4345159,2.97E-09,ear height (cm)
3_7518831,3,7518831,1.39E-18,ear height (cm)
3_33920117,3,33920117,1.72E-12,ear height (cm)
3_160010322,3,160010322,1.65E-09,ear height (cm)
3_182089009,3,182089009,4.11E-42,ear height (cm)
3_226336037,3,226336037,1.41E-13,ear height (cm)
4_5200759,4,5200759,1.61E-10,ear height (cm)
4_146429282,4,146429282,4.33E-11,ear height (cm)
5_193500135,5,193500135,1.85E-09,ear height (cm)
5_202311959,5,202311959,3.12E-21,ear height (cm)
6_58770457,6,58770457,4.96E-16,ear height (cm)
6_79468733,6,79468733,5.75E-15,ear height (cm)
6_121657566,6,121657566,3.48E-14,ear height (cm)
6_153100502,6,153100502,3.19E-13,ear height (cm)
7_22500532,7,22500532,1.16E-16,ear height (cm)
7_126147232,7,126147232,4.21E-12,ear height (cm)
8_119734884,8,119734884,1.12E-24,ear height (cm)
8_122698708,8,122698708,3.27E-14,ear height (cm)
8_138691618,8,138691618,1.88E-18,ear height (cm)
8_167416607,8,167416607,1.91E-09,ear height (cm)
9_120883905,9,120883905,1.52E-12,ear height (cm)
10_25771752,10,25771752,2.02E-08,ear height (cm)
10_136697847,10,136697847,9.86E-12,ear height (cm)
10_148545491,10,148545491,7.06E-10,ear height (cm)
1_44746997,1,44746997,1.08E-10,fructose
3_166243665,3,166243665,6.80E-10,fructose
4_2986245,4,2986245,1.42E-08,fructose
5_162752190,5,162752190,2.56E-12,fructose
6_88911121,6,88911121,7.63E-09,fructose
7_173219478,7,173219478,1.82E-09,fructose
8_80386418,8,80386418,1.13E-08,fructose
8_163616282,8,163616282,2.85E-09,fructose
10_13097228,10,13097228,8.51E-16,fructose
4_221670945,4,221670945,1.04E-08,frumarate
6_87587305,6,87587305,2.14E-10,frumarate
7_79013679,7,79013679,7.07E-09,frumarate
7_133623076,7,133623076,1.35E-09,frumarate
10_132511092,10,132511092,6.45E-09,frumarate
1_19399713,1,19399713,9.62E-10,glucose
1_50272217,1,50272217,8.19E-12,glucose
3_50164224,3,50164224,4.17E-09,glucose
5_1821985,5,1821985,7.38E-18,glucose
5_164592862,5,164592862,2.98E-14,glucose
6_6256634,6,6256634,6.45E-10,glucose
6_62133216,6,62133216,1.07E-09,glucose
6_127686914,6,127686914,4.11E-09,glucose
9_122073311,9,122073311,1.14E-08,glucose
10_11120682,10,11120682,6.45E-15,glucose
1_17323530,1,17323530,1.60E-08,glutamate
8_5189747,8,5189747,6.86E-09,glutamate
8_105759482,8,105759482,3.50E-10,glutamate
1_24190522,1,24190522,5.33E-19,ear row number
1_167497465,1,167497465,1.07E-08,ear row number
1_264871700,1,264871700,8.37E-12,ear row number
1_293633937,1,293633937,1.03E-09,ear row number
3_3428877,3,3428877,6.28E-09,ear row number
3_10071807,3,10071807,1.43E-08,ear row number
3_135584407,3,135584407,2.90E-15,ear row number
3_177041357,3,177041357,4.90E-15,ear row number
3_206950536,3,206950536,4.14E-15,ear row number
4_1223794,4,1223794,1.92E-20,ear row number
4_11821995,4,11821995,1.06E-08,ear row number
4_16603514,4,16603514,9.48E-10,ear row number
4_20054320,4,20054320,3.73E-11,ear row number
4_42784698,4,42784698,1.08E-08,ear row number
4_59111552,4,59111552,8.26E-21,ear row number
4_122840657,4,122840657,1.92E-08,ear row number
4_127309177,4,127309177,1.17E-08,ear row number
4_130523559,4,130523559,3.82E-09,ear row number
4_135604661,4,135604661,1.06E-08,ear row number
4_199499512,4,199499512,1.30E-23,ear row number
4_206361588,4,206361588,3.26E-22,ear row number
4_230231602,4,230231602,7.37E-09,ear row number
4_235202921,4,235202921,9.04E-19,ear row number
5_171363372,5,171363372,5.01E-12,ear row number
5_211916250,5,211916250,1.21E-08,ear row number
5_212089550,5,212089550,1.40E-08,ear row number
5_212859752,5,212859752,4.62E-09,ear row number
5_213348829,5,213348829,3.09E-09,ear row number
5_215288906,5,215288906,9.32E-10,ear row number
5_215468827,5,215468827,5.53E-10,ear row number
5_216205733,5,216205733,1.88E-08,ear row number
5_216443319,5,216443319,1.33E-08,ear row number
5_216507318,5,216507318,5.67E-09,ear row number
5_216537097,5,216537097,1.36E-08,ear row number
5_216644753,5,216644753,1.27E-08,ear row number
5_216759191,5,216759191,1.02E-08,ear row number
5_217071857,5,217071857,9.63E-09,ear row number
6_159278358,6,159278358,1.83E-08,ear row number
6_162698312,6,162698312,1.49E-08,ear row number
7_129900450,7,129900450,7.04E-15,ear row number
8_12131373,8,12131373,1.32E-09,ear row number
8_12572819,8,12572819,4.69E-09,ear row number
8_12605056,8,12605056,2.49E-10,ear row number
8_12788578,8,12788578,2.03E-11,ear row number
8_12990159,8,12990159,8.77E-09,ear row number
8_13288130,8,13288130,9.72E-09,ear row number
8_13293351,8,13293351,2.16E-09,ear row number
8_13445797,8,13445797,8.40E-09,ear row number
8_13554138,8,13554138,1.31E-08,ear row number
8_13613954,8,13613954,1.13E-09,ear row number
8_19819479,8,19819479,3.29E-18,ear row number
8_166783337,8,166783337,1.10E-15,ear row number
8_171759566,8,171759566,3.58E-09,ear row number
9_4317653,9,4317653,5.19E-09,ear row number
9_5078909,9,5078909,1.17E-15,ear row number
9_140520549,9,140520549,2.11E-09,ear row number
10_88395612,10,88395612,1.02E-12,ear row number
1_237926964,1,237926964,9.80E-12,20-kernel weight
1_250686707,1,250686707,4.71E-14,20-kernel weight
2_5066900,2,5066900,1.52E-08,20-kernel weight
2_5815819,2,5815819,4.75E-09,20-kernel weight
2_6991943,2,6991943,6.56E-09,20-kernel weight
2_33651538,2,33651538,2.11E-14,20-kernel weight
2_36911180,2,36911180,2.36E-09,20-kernel weight
2_203936751,2,203936751,1.27E-16,20-kernel weight
3_184622318,3,184622318,1.06E-10,20-kernel weight
3_213901464,3,213901464,4.64E-14,20-kernel weight
4_45871550,4,45871550,5.39E-19,20-kernel weight
4_203318641,4,203318641,7.30E-09,20-kernel weight
5_212688838,5,212688838,1.50E-10,20-kernel weight
5_215393291,5,215393291,6.92E-14,20-kernel weight
6_163817224,6,163817224,2.54E-10,20-kernel weight
7_44417404,7,44417404,2.00E-08,20-kernel weight
7_89931437,7,89931437,1.15E-08,20-kernel weight
9_48459632,9,48459632,1.76E-20,20-kernel weight
9_102348594,9,102348594,2.47E-10,20-kernel weight
9_118531144,9,118531144,4.35E-20,20-kernel weight
9_138348816,9,138348816,1.88E-08,20-kernel weight
10_109363168,10,109363168,7.21E-11,20-kernel weight
1_31588149,1,31588149,1.45E-15,leaf angle
1_33216505,1,33216505,3.05E-13,leaf angle
1_105010426,1,105010426,1.22E-08,leaf angle
1_234075107,1,234075107,4.53E-10,leaf angle
1_235175529,1,235175529,9.65E-10,leaf angle
1_288393095,1,288393095,8.08E-09,leaf angle
3_165454559,3,165454559,8.17E-12,leaf angle
3_176483663,3,176483663,1.00E-10,leaf angle
3_178040291,3,178040291,5.68E-09,leaf angle
4_13840861,4,13840861,1.23E-08,leaf angle
4_34928746,4,34928746,1.18E-08,leaf angle
4_119770612,4,119770612,1.28E-10,leaf angle
4_154258639,4,154258639,2.00E-11,leaf angle
4_239208228,4,239208228,1.49E-11,leaf angle
5_34727033,5,34727033,1.04E-10,leaf angle
5_193478172,5,193478172,7.90E-09,leaf angle
5_194115564,5,194115564,1.91E-09,leaf angle
5_213079989,5,213079989,6.41E-09,leaf angle
5_214000513,5,214000513,2.81E-09,leaf angle
5_214761842,5,214761842,1.33E-09,leaf angle
5_215794644,5,215794644,1.05E-08,leaf angle
6_92740324,6,92740324,9.27E-09,leaf angle
6_92788415,6,92788415,2.75E-09,leaf angle
6_93583078,6,93583078,6.79E-09,leaf angle
6_93738494,6,93738494,3.74E-09,leaf angle
6_97369865,6,97369865,1.54E-08,leaf angle
7_126354127,7,126354127,1.07E-08,leaf angle
7_127597897,7,127597897,1.97E-10,leaf angle
7_129231993,7,129231993,1.37E-09,leaf angle
7_157476918,7,157476918,4.97E-09,leaf angle
7_161689239,7,161689239,5.15E-10,leaf angle
7_165360236,7,165360236,1.40E-08,leaf angle
7_165401082,7,165401082,1.86E-08,leaf angle
7_166668757,7,166668757,5.05E-10,leaf angle
8_20032286,8,20032286,3.79E-10,leaf angle
8_21628016,8,21628016,1.80E-08,leaf angle
8_22509812,8,22509812,1.98E-08,leaf angle
8_36547360,8,36547360,1.84E-08,leaf angle
8_36883535,8,36883535,1.25E-08,leaf angle
8_38251760,8,38251760,2.35E-09,leaf angle
8_38906412,8,38906412,3.23E-09,leaf angle
8_38909883,8,38909883,1.58E-08,leaf angle
8_44379543,8,44379543,1.27E-08,leaf angle
8_45360577,8,45360577,1.85E-08,leaf angle
8_98560734,8,98560734,9.96E-09,leaf angle
8_134571470,8,134571470,5.72E-11,leaf angle
9_45389694,9,45389694,1.95E-23,leaf angle
9_144376462,9,144376462,9.28E-12,leaf angle
9_145169960,9,145169960,3.51E-09,leaf angle
9_145524924,9,145524924,1.09E-08,leaf angle
9_146303421,9,146303421,3.58E-09,leaf angle
9_146918464,9,146918464,1.03E-08,leaf angle
9_147058902,9,147058902,5.62E-09,leaf angle
10_143445611,10,143445611,5.13E-13,leaf angle
1_32891654,1,32891654,5.96E-11,leaf length
1_33183829,1,33183829,8.89E-09,leaf length
1_33266126,1,33266126,1.22E-08,leaf length
1_34246013,1,34246013,9.31E-10,leaf length
1_34593887,1,34593887,1.78E-08,leaf length
1_34639324,1,34639324,1.45E-08,leaf length
1_34996958,1,34996958,1.14E-08,leaf length
1_35833220,1,35833220,9.05E-09,leaf length
1_36101931,1,36101931,1.34E-08,leaf length
1_36974201,1,36974201,7.77E-09,leaf length
1_38137177,1,38137177,9.16E-09,leaf length
1_38786438,1,38786438,7.12E-09,leaf length
1_38849426,1,38849426,9.06E-09,leaf length
1_97028231,1,97028231,3.25E-14,leaf length
1_282685408,1,282685408,4.51E-18,leaf length
2_9607060,2,9607060,3.01E-17,leaf length
2_139084877,2,139084877,8.07E-11,leaf length
2_143532624,2,143532624,1.44E-08,leaf length
2_205800630,2,205800630,1.57E-08,leaf length
3_29003155,3,29003155,1.25E-18,leaf length
3_213801587,3,213801587,1.50E-09,leaf length
4_2512665,4,2512665,2.32E-22,leaf length
4_71634371,4,71634371,3.68E-10,leaf length
4_196981486,4,196981486,2.97E-21,leaf length
5_2767265,5,2767265,9.38E-20,leaf length
5_85114617,5,85114617,8.00E-10,leaf length
5_101596969,5,101596969,4.49E-11,leaf length
5_203823141,5,203823141,1.98E-14,leaf length
6_156399392,6,156399392,6.41E-23,leaf length
7_36920101,7,36920101,5.51E-15,leaf length
7_165063324,7,165063324,1.01E-19,leaf length
8_3730574,8,3730574,1.09E-10,leaf length
8_122152473,8,122152473,3.40E-27,leaf length
9_14312114,9,14312114,2.09E-16,leaf length
9_141326300,9,141326300,8.34E-10,leaf length
10_61529577,10,61529577,6.38E-20,leaf length
10_139311746,10,139311746,6.85E-14,leaf length
10_147206252,10,147206252,4.53E-09,leaf length
1_48267305,1,48267305,6.78E-12,leaf width
1_58038185,1,58038185,9.51E-09,leaf width
1_219229096,1,219229096,4.31E-18,leaf width
1_242952036,1,242952036,1.45E-08,leaf width
1_245951421,1,245951421,1.11E-12,leaf width
1_276993053,1,276993053,4.09E-10,leaf width
1_283251471,1,283251471,1.61E-23,leaf width
1_295763651,1,295763651,1.89E-08,leaf width
1_295764524,1,295764524,6.33E-09,leaf width
1_298969383,1,298969383,6.65E-09,leaf width
1_299179108,1,299179108,7.24E-09,leaf width
1_299361542,1,299361542,1.51E-08,leaf width
2_104302971,2,104302971,1.10E-19,leaf width
2_127438334,2,127438334,4.12E-12,leaf width
3_3069969,3,3069969,8.11E-09,leaf width
3_4655010,3,4655010,5.31E-09,leaf width
3_5394805,3,5394805,3.76E-09,leaf width
3_5468206,3,5468206,4.43E-09,leaf width
3_5897316,3,5897316,1.34E-08,leaf width
3_6494064,3,6494064,3.65E-09,leaf width
3_7628110,3,7628110,1.44E-08,leaf width
3_7830996,3,7830996,5.98E-09,leaf width
3_8977106,3,8977106,1.66E-08,leaf width
3_8977139,3,8977139,1.48E-09,leaf width
3_19967451,3,19967451,2.07E-26,leaf width
3_172050636,3,172050636,3.77E-15,leaf width
3_176554700,3,176554700,8.92E-13,leaf width
3_199054611,3,199054611,1.43E-08,leaf width
4_63326040,4,63326040,4.60E-13,leaf width
5_4918170,5,4918170,3.76E-09,leaf width
5_18700647,5,18700647,1.09E-09,leaf width
5_32035727,5,32035727,3.99E-22,leaf width
5_45966881,5,45966881,1.35E-08,leaf width
5_53429296,5,53429296,4.45E-09,leaf width
5_57292408,5,57292408,1.27E-08,leaf width
5_61528486,5,61528486,1.62E-08,leaf width
6_164742281,6,164742281,1.08E-08,leaf width
6_165092759,6,165092759,1.43E-08,leaf width
7_126777485,7,126777485,1.78E-08,leaf width
7_170663690,7,170663690,6.51E-16,leaf width
8_88450281,8,88450281,1.82E-08,leaf width
8_89174105,8,89174105,3.62E-09,leaf width
8_121110787,8,121110787,1.20E-10,leaf width
8_134631497,8,134631497,2.09E-15,leaf width
9_107334513,9,107334513,7.89E-24,leaf width
9_138682705,9,138682705,3.32E-09,leaf width
9_150838722,9,150838722,7.78E-09,leaf width
10_134042660,10,134042660,1.33E-19,leaf width
10_143445567,10,143445567,1.50E-08,leaf width
10_147161599,10,147161599,6.03E-17,leaf width
1_40419549,1,40419549,5.98E-10,malate
4_114197961,4,114197961,4.47E-09,malate
7_164497196,7,164497196,1.59E-09,malate
7_172334520,7,172334520,1.82E-10,malate
7_172752963,7,172752963,8.30E-10,malate
8_88399164,8,88399164,1.24E-08,malate
9_135128792,9,135128792,1.22E-08,malate
1_73504040,1,73504040,1.53E-19,Nitrate
1_74745753,1,74745753,3.34E-11,Nitrate
1_76572659,1,76572659,2.47E-10,Nitrate
1_80703371,1,80703371,1.95E-14,Nitrate
1_81234963,1,81234963,1.42E-14,Nitrate
1_81831095,1,81831095,3.76E-14,Nitrate
1_100520462,1,100520462,5.21E-14,Nitrate
7_104010347,7,104010347,5.28E-20,Nitrate
7_106804505,7,106804505,1.03E-17,Nitrate
7_111847095,7,111847095,8.40E-09,Nitrate
7_112744223,7,112744223,2.01E-08,Nitrate
7_118299552,7,118299552,2.72E-10,Nitrate
7_120282878,7,120282878,9.83E-09,Nitrate
7_126953358,7,126953358,4.30E-09,Nitrate
7_130134689,7,130134689,5.58E-12,Nitrate
8_157880667,8,157880667,6.57E-16,Nitrate
8_160107203,8,160107203,1.20E-13,Nitrate
8_166380166,8,166380166,3.74E-11,Nitrate
9_20816202,9,20816202,3.48E-13,Nitrate
9_151209500,9,151209500,2.62E-10,Nitrate
10_2403494,10,2403494,1.33E-09,Nitrate
10_131481937,10,131481937,1.46E-12,Nitrate
10_148578578,10,148578578,1.69E-11,Nitrate
1_11200823,1,11200823,1.10E-08,Northern blight resistance
2_232101765,2,232101765,5.19E-09,Northern blight resistance
3_97574094,3,97574094,7.62E-11,Northern blight resistance
5_98245742,5,98245742,3.02E-09,Northern blight resistance
5_187514074,5,187514074,6.18E-10,Northern blight resistance
5_201939886,5,201939886,2.89E-09,Northern blight resistance
8_161479489,8,161479489,2.62E-09,Northern blight resistance
9_141390247,9,141390247,3.69E-11,Northern blight resistance
1_29952471,1,29952471,2.34E-16,plant height
1_83376854,1,83376854,4.23E-09,plant height
1_88010599,1,88010599,1.04E-10,plant height
1_93943065,1,93943065,5.34E-09,plant height
1_139583356,1,139583356,1.38E-08,plant height
1_150895901,1,150895901,4.49E-09,plant height
1_151280884,1,151280884,2.19E-09,plant height
1_165766217,1,165766217,5.23E-09,plant height
1_174624253,1,174624253,4.21E-09,plant height
1_175867804,1,175867804,1.11E-08,plant height
1_176888426,1,176888426,8.10E-09,plant height
1_176985158,1,176985158,1.37E-08,plant height
1_181400708,1,181400708,6.42E-09,plant height
1_181635769,1,181635769,1.75E-08,plant height
1_181975274,1,181975274,1.88E-09,plant height
1_182439821,1,182439821,1.10E-08,plant height
1_182538347,1,182538347,1.61E-08,plant height
1_183081134,1,183081134,1.43E-09,plant height
1_184907367,1,184907367,2.67E-25,plant height
1_187721442,1,187721442,1.62E-08,plant height
1_188289480,1,188289480,1.28E-08,plant height
1_190140899,1,190140899,3.58E-09,plant height
1_190721650,1,190721650,1.08E-08,plant height
1_190823796,1,190823796,1.27E-08,plant height
1_191375289,1,191375289,6.55E-11,plant height
1_192677968,1,192677968,4.62E-09,plant height
1_196214174,1,196214174,9.90E-09,plant height
1_196544533,1,196544533,1.79E-09,plant height
1_196572210,1,196572210,6.15E-09,plant height
1_196572507,1,196572507,2.09E-09,plant height
1_196586876,1,196586876,1.83E-08,plant height
1_198094177,1,198094177,1.51E-08,plant height
1_198378529,1,198378529,1.98E-08,plant height
1_199403232,1,199403232,7.21E-09,plant height
1_200415793,1,200415793,1.62E-08,plant height
1_203627091,1,203627091,4.38E-09,plant height
1_231445487,1,231445487,1.79E-13,plant height
1_237785837,1,237785837,9.88E-11,plant height
1_279580047,1,279580047,1.09E-13,plant height
3_25915216,3,25915216,7.70E-09,plant height
3_25980024,3,25980024,8.89E-10,plant height
3_33994480,3,33994480,1.97E-08,plant height
3_35522378,3,35522378,1.42E-08,plant height
3_166194947,3,166194947,1.26E-08,plant height
3_166204428,3,166204428,1.02E-10,plant height
3_190510029,3,190510029,1.29E-10,plant height
4_39334771,4,39334771,4.04E-23,plant height
4_146507402,4,146507402,1.32E-08,plant height
4_147704610,4,147704610,5.48E-09,plant height
4_153402656,4,153402656,1.72E-08,plant height
4_216318833,4,216318833,1.49E-16,plant height
4_227279091,4,227279091,1.97E-31,plant height
5_123550133,5,123550133,1.64E-11,plant height
5_203039946,5,203039946,7.27E-15,plant height
6_67965450,6,67965450,2.65E-09,plant height
7_21796955,7,21796955,1.91E-08,plant height
7_145981878,7,145981878,1.43E-10,plant height
8_653426,8,653426,2.62E-09,plant height
8_113657816,8,113657816,1.70E-15,plant height
9_100594132,9,100594132,2.86E-10,plant height
9_127867885,9,127867885,9.43E-11,plant height
10_54091053,10,54091053,8.89E-14,plant height
10_143083441,10,143083441,1.78E-10,plant height
1_20959364,1,20959364,5.42E-09,ppd anthesis
1_45276555,1,45276555,1.45E-12,ppd anthesis
1_85132962,1,85132962,5.17E-10,ppd anthesis
1_284577636,1,284577636,2.14E-11,ppd anthesis
2_129185406,2,129185406,3.10E-11,ppd anthesis
2_221927615,2,221927615,2.63E-16,ppd anthesis
3_113556992,3,113556992,4.40E-09,ppd anthesis
3_125710988,3,125710988,3.24E-11,ppd anthesis
4_35968451,4,35968451,6.45E-22,ppd anthesis
4_170794475,4,170794475,1.62E-09,ppd anthesis
4_229539970,4,229539970,1.06E-11,ppd anthesis
5_36048802,5,36048802,4.54E-10,ppd anthesis
5_155257869,5,155257869,3.24E-09,ppd anthesis
5_213280118,5,213280118,1.23E-15,ppd anthesis
7_14806932,7,14806932,1.34E-10,ppd anthesis
7_175538570,7,175538570,5.05E-09,ppd anthesis
8_116428903,8,116428903,2.86E-14,ppd anthesis
8_122427027,8,122427027,2.64E-15,ppd anthesis
8_128843096,8,128843096,1.65E-08,ppd anthesis
8_137472289,8,137472289,2.84E-12,ppd anthesis
10_57259367,10,57259367,2.16E-13,ppd anthesis
10_95925762,10,95925762,1.03E-25,ppd anthesis
10_133331221,10,133331221,1.86E-09,ppd anthesis
1_90675907,1,90675907,1.86E-08,ppd silk
1_262510993,1,262510993,1.24E-12,ppd silk
1_286994312,1,286994312,3.95E-09,ppd silk
1_290202607,1,290202607,4.31E-09,ppd silk
2_112790356,2,112790356,1.88E-08,ppd silk
3_6670875,3,6670875,3.54E-10,ppd silk
3_33029873,3,33029873,2.37E-13,ppd silk
3_122074551,3,122074551,5.27E-17,ppd silk
3_159801118,3,159801118,4.88E-23,ppd silk
3_196870029,3,196870029,2.41E-09,ppd silk
3_213927330,3,213927330,4.78E-09,ppd silk
4_3110303,4,3110303,4.14E-13,ppd silk
4_23716195,4,23716195,6.46E-12,ppd silk
4_169973187,4,169973187,4.97E-09,ppd silk
4_171631920,4,171631920,2.00E-08,ppd silk
5_129403611,5,129403611,8.98E-10,ppd silk
5_178583540,5,178583540,1.56E-08,ppd silk
5_178600860,5,178600860,1.05E-08,ppd silk
5_179387334,5,179387334,1.09E-08,ppd silk
5_196544488,5,196544488,1.50E-14,ppd silk
5_208278528,5,208278528,9.96E-16,ppd silk
6_39509999,6,39509999,3.83E-13,ppd silk
6_162635308,6,162635308,1.73E-10,ppd silk
7_109532265,7,109532265,1.74E-11,ppd silk
7_158939368,7,158939368,9.04E-09,ppd silk
8_10457231,8,10457231,1.57E-08,ppd silk
8_10863191,8,10863191,4.66E-09,ppd silk
8_10865214,8,10865214,7.26E-09,ppd silk
8_115132164,8,115132164,5.42E-10,ppd silk
8_122427027,8,122427027,1.37E-13,ppd silk
8_130611458,8,130611458,1.40E-10,ppd silk
8_134065699,8,134065699,1.00E-11,ppd silk
8_135951680,8,135951680,3.66E-10,ppd silk
9_123360825,9,123360825,1.49E-10,ppd silk
9_144845410,9,144845410,1.05E-10,ppd silk
10_86262503,10,86262503,1.29E-51,ppd silk
10_130690841,10,130690841,1.12E-09,ppd silk
10_145261562,10,145261562,8.14E-11,ppd silk
1_192055121,1,192055121,1.17E-08,protein
1_239440925,1,239440925,6.06E-15,protein
2_30544790,2,30544790,2.13E-09,protein
3_230394737,3,230394737,1.16E-15,protein
4_163249167,4,163249167,5.51E-15,protein
5_154684621,5,154684621,8.68E-16,protein
5_178924986,5,178924986,4.19E-13,protein
5_212090010,5,212090010,1.65E-11,protein
6_168702401,6,168702401,5.72E-10,protein
7_87681750,7,87681750,8.88E-09,protein
7_171361806,7,171361806,1.46E-08,protein
10_8506793,10,8506793,5.07E-10,protein
10_131973223,10,131973223,1.87E-08,protein
1_80431948,1,80431948,4.16E-28,Southern blight resistance
1_242650729,1,242650729,5.97E-09,Southern blight resistance
2_202746008,2,202746008,3.05E-09,Southern blight resistance
2_206902539,2,206902539,1.15E-08,Southern blight resistance
5_15447587,5,15447587,1.73E-11,Southern blight resistance
5_43802066,5,43802066,1.78E-08,Southern blight resistance
6_2906324,6,2906324,6.32E-24,Southern blight resistance
6_94505462,6,94505462,7.42E-11,Southern blight resistance
6_147708641,6,147708641,3.88E-17,Southern blight resistance
8_20488715,8,20488715,5.66E-10,Southern blight resistance
9_112217710,9,112217710,3.46E-16,Southern blight resistance
10_87939970,10,87939970,3.34E-12,Southern blight resistance
10_143269337,10,143269337,2.70E-15,Southern blight resistance
1_17066458,1,17066458,1.26E-08,starch
1_17667587,1,17667587,9.46E-09,starch
1_265003595,1,265003595,1.45E-13,starch
3_151624953,3,151624953,1.02E-08,starch
4_35079444,4,35079444,8.15E-15,starch
4_36162468,4,36162468,1.18E-17,starch
4_36230459,4,36230459,3.63E-18,starch
4_44085212,4,44085212,6.32E-11,starch
4_66991459,4,66991459,1.55E-08,starch
4_130873144,4,130873144,1.95E-08,starch
4_143947025,4,143947025,1.12E-13,starch
4_239092055,4,239092055,1.62E-13,starch
5_208173406,5,208173406,1.43E-08,starch
7_75916947,7,75916947,9.98E-09,starch
7_76199758,7,76199758,1.75E-08,starch
7_92337088,7,92337088,1.30E-08,starch
7_125384086,7,125384086,3.16E-09,starch
7_129309748,7,129309748,4.59E-09,starch
7_130253682,7,130253682,2.64E-09,starch
7_130548038,7,130548038,7.76E-09,starch
7_131579592,7,131579592,1.43E-08,starch
7_135729921,7,135729921,1.65E-09,starch
7_165474613,7,165474613,1.10E-21,starch
8_10156409,8,10156409,1.83E-08,starch
8_14843365,8,14843365,8.10E-15,starch
8_16001429,8,16001429,1.98E-08,starch
8_69456571,8,69456571,1.23E-09,starch
8_71191541,8,71191541,2.14E-09,starch
8_74433478,8,74433478,4.31E-09,starch
8_78420576,8,78420576,7.83E-09,starch
8_85120056,8,85120056,6.63E-09,starch
8_85657242,8,85657242,8.08E-09,starch
8_91977894,8,91977894,1.56E-09,starch
8_146622915,8,146622915,7.16E-11,starch
8_161046112,8,161046112,1.64E-09,starch
9_9969450,9,9969450,4.49E-09,starch
9_16368323,9,16368323,1.67E-09,starch
9_16431117,9,16431117,1.56E-09,starch
9_18449444,9,18449444,2.93E-10,starch
9_23055900,9,23055900,3.25E-10,starch
9_23055926,9,23055926,1.97E-09,starch
9_136570863,9,136570863,2.96E-09,starch
10_8791365,10,8791365,8.99E-16,starch
10_79347364,10,79347364,1.64E-08,starch
10_86100973,10,86100973,1.37E-08,starch
10_146328978,10,146328978,6.74E-09,starch
10_146968497,10,146968497,1.17E-08,starch
1_294482577,1,294482577,2.23E-09,sucrose
2_205481406,2,205481406,2.70E-10,sucrose
3_18965943,3,18965943,2.93E-10,sucrose
3_169714538,3,169714538,2.48E-15,sucrose
3_195314653,3,195314653,4.06E-09,sucrose
4_173554965,4,173554965,9.84E-11,sucrose
6_125187657,6,125187657,5.91E-10,sucrose
6_168436311,6,168436311,1.13E-09,sucrose
7_153947251,7,153947251,5.81E-09,sucrose
8_105760010,8,105760010,2.60E-10,sucrose
8_165584952,8,165584952,8.46E-09,sucrose
9_139614991,9,139614991,1.42E-13,sucrose
1_23242796,1,23242796,5.11E-11,tassel length
1_52086572,1,52086572,1.06E-08,tassel length
1_65168147,1,65168147,1.96E-10,tassel length
1_188031292,1,188031292,4.13E-16,tassel length
1_276981594,1,276981594,8.30E-13,tassel length
1_282472645,1,282472645,5.73E-14,tassel length
1_298741121,1,298741121,5.75E-11,tassel length
2_222467411,2,222467411,2.57E-18,tassel length
3_214864602,3,214864602,2.00E-09,tassel length
4_179732156,4,179732156,1.99E-08,tassel length
4_239213071,4,239213071,1.56E-14,tassel length
5_40780402,5,40780402,1.74E-22,tassel length
5_204388364,5,204388364,1.35E-18,tassel length
6_26697600,6,26697600,2.75E-15,tassel length
6_72102743,6,72102743,1.24E-09,tassel length
6_117156632,6,117156632,2.57E-09,tassel length
6_144725399,6,144725399,1.94E-13,tassel length
6_146894025,6,146894025,1.59E-10,tassel length
7_4822117,7,4822117,2.42E-19,tassel length
7_112790458,7,112790458,1.87E-08,tassel length
7_113379653,7,113379653,1.15E-08,tassel length
7_115513355,7,115513355,4.13E-09,tassel length
7_116608075,7,116608075,1.46E-08,tassel length
7_118309833,7,118309833,1.12E-08,tassel length
7_118608895,7,118608895,1.75E-08,tassel length
7_121842383,7,121842383,1.67E-08,tassel length
7_122050508,7,122050508,2.19E-09,tassel length
7_122949373,7,122949373,1.70E-09,tassel length
7_124192112,7,124192112,5.50E-09,tassel length
7_125147070,7,125147070,1.37E-11,tassel length
7_125944852,7,125944852,3.35E-09,tassel length
7_126745985,7,126745985,1.11E-08,tassel length
7_144836720,7,144836720,3.29E-13,tassel length
7_155593394,7,155593394,3.07E-13,tassel length
7_167229467,7,167229467,8.66E-17,tassel length
9_47502227,9,47502227,4.24E-13,tassel length
9_80207462,9,80207462,4.06E-14,tassel length
9_145642409,9,145642409,1.53E-10,tassel length
9_148199284,9,148199284,2.21E-09,tassel length
10_135913771,10,135913771,1.03E-08,tassel length
1_9379222,1,9379222,1.53E-12,tassel brach number
1_17494830,1,17494830,1.27E-16,tassel brach number
1_196127376,1,196127376,6.08E-17,tassel brach number
2_5460349,2,5460349,3.63E-23,tassel brach number
2_11671251,2,11671251,2.99E-18,tassel brach number
2_172527226,2,172527226,1.68E-08,tassel brach number
2_176068470,2,176068470,1.82E-08,tassel brach number
2_179986254,2,179986254,1.94E-08,tassel brach number
2_181126242,2,181126242,1.97E-08,tassel brach number
2_202154674,2,202154674,1.01E-10,tassel brach number
2_234533019,2,234533019,7.62E-10,tassel brach number
3_17034011,3,17034011,4.25E-09,tassel brach number
3_19945982,3,19945982,8.56E-10,tassel brach number
3_21186404,3,21186404,6.75E-09,tassel brach number
3_35028802,3,35028802,2.98E-09,tassel brach number
3_88481209,3,88481209,7.09E-09,tassel brach number
3_93085795,3,93085795,3.84E-09,tassel brach number
3_93390000,3,93390000,1.76E-08,tassel brach number
3_116851382,3,116851382,4.06E-09,tassel brach number
3_120605071,3,120605071,1.90E-08,tassel brach number
3_132492119,3,132492119,1.81E-09,tassel brach number
3_133983545,3,133983545,1.41E-08,tassel brach number
3_134134017,3,134134017,2.25E-26,tassel brach number
3_150169884,3,150169884,1.73E-08,tassel brach number
3_155380687,3,155380687,7.70E-09,tassel brach number
3_155793854,3,155793854,6.00E-09,tassel brach number
4_54183422,4,54183422,5.05E-18,tassel brach number
4_174915640,4,174915640,2.35E-12,tassel brach number
4_198574744,4,198574744,8.62E-10,tassel brach number
5_150275200,5,150275200,2.78E-12,tassel brach number
5_186371485,5,186371485,1.47E-08,tassel brach number
5_187854523,5,187854523,9.79E-09,tassel brach number
6_105266978,6,105266978,5.23E-10,tassel brach number
7_24458643,7,24458643,9.02E-18,tassel brach number
7_100932168,7,100932168,3.72E-16,tassel brach number
7_109027463,7,109027463,2.03E-08,tassel brach number
7_110111903,7,110111903,1.58E-09,tassel brach number
7_110275225,7,110275225,3.53E-09,tassel brach number
7_111394053,7,111394053,2.35E-09,tassel brach number
7_112128171,7,112128171,1.50E-08,tassel brach number
7_114883822,7,114883822,4.35E-09,tassel brach number
7_116039872,7,116039872,1.73E-08,tassel brach number
7_117691894,7,117691894,7.86E-09,tassel brach number
7_118309445,7,118309445,2.56E-09,tassel brach number
7_119061932,7,119061932,1.90E-08,tassel brach number
7_119167049,7,119167049,1.41E-08,tassel brach number
7_119288075,7,119288075,4.61E-09,tassel brach number
7_120167688,7,120167688,9.01E-09,tassel brach number
7_121982686,7,121982686,3.98E-09,tassel brach number
7_122317208,7,122317208,3.98E-09,tassel brach number
7_122705688,7,122705688,3.91E-09,tassel brach number
7_122710487,7,122710487,5.14E-09,tassel brach number
7_123485781,7,123485781,9.28E-09,tassel brach number
7_123679332,7,123679332,1.44E-08,tassel brach number
7_123753178,7,123753178,5.03E-09,tassel brach number
7_124700153,7,124700153,4.57E-09,tassel brach number
7_124728318,7,124728318,1.39E-08,tassel brach number
7_125504208,7,125504208,2.27E-09,tassel brach number
7_126954604,7,126954604,1.13E-08,tassel brach number
7_127309354,7,127309354,5.41E-09,tassel brach number
7_128446910,7,128446910,1.04E-08,tassel brach number
7_167504271,7,167504271,1.20E-09,tassel brach number
8_18895785,8,18895785,2.87E-11,tassel brach number
8_20014720,8,20014720,1.99E-08,tassel brach number
8_33733351,8,33733351,1.62E-12,tassel brach number
8_146992457,8,146992457,2.08E-12,tassel brach number
9_13953498,9,13953498,2.97E-22,tassel brach number
9_76545858,9,76545858,1.29E-08,tassel brach number
9_78369341,9,78369341,1.61E-08,tassel brach number
9_155596847,9,155596847,1.84E-15,tassel brach number
10_120550949,10,120550949,9.36E-09,tassel brach number
10_141484346,10,141484346,5.70E-09,tassel brach number
10_141649548,10,141649548,2.73E-09,tassel brach number
1_21722365,1,21722365,1.08E-08,Stalk strength
1_22491882,1,22491882,1.27E-08,Stalk strength
1_22502003,1,22502003,6.55E-11,Stalk strength
1_22643812,1,22643812,4.62E-09,Stalk strength
1_22644155,1,22644155,9.90E-09,Stalk strength
1_22644170,1,22644170,1.79E-09,Stalk strength
1_23236487,1,23236487,6.15E-09,Stalk strength
1_23242928,1,23242928,2.09E-09,Stalk strength
2_53659,2,53659,1.83E-08,Stalk strength
2_9214678,2,9214678,1.51E-08,Stalk strength
2_9273774,2,9273774,1.64E-11,Stalk strength
2_13352073,2,13352073,7.27E-15,Stalk strength
2_13397820,2,13397820,2.65E-09,Stalk strength
3_199814079,3,199814079,1.91E-08,Stalk strength
3_218589764,3,218589764,1.43E-10,Stalk strength
4_421696,4,421696,2.62E-09,Stalk strength
4_1251294,4,1251294,2.86E-14,Stalk strength
4_1872884,4,1872884,2.64E-15,Stalk strength
4_1878510,4,1878510,1.65E-08,Stalk strength
5_4877375,5,4877375,2.84E-12,Stalk strength
5_5927545,5,5927545,2.16E-13,Stalk strength
5_6108723,5,6108723,1.03E-25,Stalk strength
5_6912737,5,6912737,1.86E-09,Stalk strength
6_1714958,6,1714958,1.86E-08,Stalk strength
6_2224329,6,2224329,1.24E-12,Stalk strength
6_2744878,6,2744878,3.95E-09,Stalk strength
7_4086,7,4086,4.31E-09,Stalk strength
8_955629,8,955629,1.88E-08,Stalk strength
8_1145837,8,1145837,3.54E-10,Stalk strength
8_175245572,8,175245572,2.37E-13,Stalk strength
9_177369,9,177369,5.27E-17,Stalk strength
9_468975,9,468975,4.88E-23,Stalk strength
9_150373411,9,150373411,2.41E-09,Stalk strength
10_147328049,10,147328049,4.78E-09,Stalk strength
1_10845364,1,10845364,2.00E-11,Height above ear
1_179984160,1,179984160,1.49E-11,Height above ear
1_184611032,1,184611032,1.04E-10,Height above ear
1_231283057,1,231283057,7.90E-09,Height above ear
1_278093339,1,278093339,1.91E-09,Height above ear
2_19481587,2,19481587,6.41E-09,Height above ear
2_19670008,2,19670008,2.81E-09,Height above ear
2_236811132,2,236811132,1.33E-09,Height above ear
3_15428101,3,15428101,1.05E-08,Height above ear
3_48657375,3,48657375,9.27E-09,Height above ear
3_181560513,3,181560513,2.75E-09,Height above ear
3_184071233,3,184071233,6.79E-09,Height above ear
3_210913925,3,210913925,3.74E-09,Height above ear
4_38726450,4,38726450,1.54E-08,Height above ear
4_38844537,4,38844537,1.07E-08,Height above ear
4_38920483,4,38920483,1.97E-10,Height above ear
4_200825164,4,200825164,1.37E-09,Height above ear
4_210136553,4,210136553,4.97E-09,Height above ear
5_8267995,5,8267995,3.01E-17,Height above ear
5_196382745,5,196382745,8.07E-11,Height above ear
6_163853332,6,163853332,1.44E-08,Height above ear
6_167577413,6,167577413,1.57E-08,Height above ear
7_21636819,7,21636819,1.25E-18,Height above ear
8_165595653,8,165595653,1.50E-09,Height above ear
8_166613526,8,166613526,2.32E-22,Height above ear
9_12866183,9,12866183,3.68E-10,Height above ear
9_118324340,9,118324340,2.97E-21,Height above ear
9_119968877,9,119968877,9.38E-20,Height above ear
9_147817547,9,147817547,8.00E-10,Height above ear
9_149011084,9,149011084,4.49E-11,Height above ear
10_66955486,10,66955486,1.07E-08,Height above ear
1_1959512,1,1959512,9.19E-09,Nodes above ear
1_217820322,1,217820322,8.87E-14,Nodes above ear
1_281626390,1,281626390,1.31E-08,Nodes above ear
1_281626762,1,281626762,3.14E-26,Nodes above ear
2_11207613,2,11207613,1.37E-08,Nodes above ear
2_17674691,2,17674691,1.94E-13,Nodes above ear
2_202728208,2,202728208,1.42E-16,Nodes above ear
2_202728830,2,202728830,1.03E-15,Nodes above ear
2_234836686,2,234836686,5.36E-16,Nodes above ear
3_22250513,3,22250513,5.48E-09,Nodes above ear
3_90097173,3,90097173,2.69E-13,Nodes above ear
3_183758973,3,183758973,1.99E-10,Nodes above ear
3_183889605,3,183889605,3.97E-10,Nodes above ear
3_202562366,3,202562366,5.12E-09,Nodes above ear
3_213867967,3,213867967,1.39E-10,Nodes above ear
4_179315906,4,179315906,9.80E-14,Nodes above ear
4_181430543,4,181430543,3.00E-11,Nodes above ear
4_191734877,4,191734877,8.62E-12,Nodes above ear
5_6907310,5,6907310,9.04E-09,Nodes above ear
5_6917433,5,6917433,8.78E-15,Nodes above ear
5_143587770,5,143587770,4.10E-16,Nodes above ear
5_205746875,5,205746875,7.62E-13,Nodes above ear
5_207671578,5,207671578,7.78E-16,Nodes above ear
6_35711593,6,35711593,3.48E-15,Nodes above ear
6_99615693,6,99615693,6.32E-09,Nodes above ear
6_149376063,6,149376063,1.54E-08,Nodes above ear
6_166053922,6,166053922,4.07E-09,Nodes above ear
7_22003981,7,22003981,8.04E-09,Nodes above ear
7_122159887,7,122159887,2.37E-09,Nodes above ear
8_110290670,8,110290670,1.17E-08,Nodes above ear
8_127289694,8,127289694,1.92E-20,Nodes above ear
8_169518291,8,169518291,1.06E-08,Nodes above ear
9_13941885,9,13941885,9.48E-10,Nodes above ear
9_59283433,9,59283433,3.73E-11,Nodes above ear
10_6400302,10,6400302,1.08E-08,Nodes above ear
10_142240802,10,142240802,8.26E-21,Nodes above ear
1_629517,1,629517,1.92E-08,Average internode length (above ear)
1_16179283,1,16179283,1.17E-08,Average internode length (above ear)
1_173226910,1,173226910,3.82E-09,Average internode length (above ear)
1_203446515,1,203446515,1.06E-08,Average internode length (above ear)
1_242918559,1,242918559,1.27E-16,Average internode length (above ear)
2_2276649,2,2276649,1.06E-10,Average internode length (above ear)
2_117331533,2,117331533,4.64E-14,Average internode length (above ear)
2_163720351,2,163720351,5.39E-19,Average internode length (above ear)
2_204310552,2,204310552,7.30E-09,Average internode length (above ear)
2_235849523,2,235849523,1.50E-10,Average internode length (above ear)
2_235849530,2,235849530,7.24E-09,Average internode length (above ear)
3_89878231,3,89878231,1.51E-08,Average internode length (above ear)
3_194455908,3,194455908,1.10E-19,Average internode length (above ear)
3_214645635,3,214645635,4.12E-12,Average internode length (above ear)
4_38726450,4,38726450,8.11E-09,Average internode length (above ear)
4_128254767,4,128254767,5.31E-09,Average internode length (above ear)
4_209970990,4,209970990,5.51E-15,Average internode length (above ear)
4_209978843,4,209978843,1.01E-19,Average internode length (above ear)
5_4909845,5,4909845,1.09E-10,Average internode length (above ear)
5_17227162,5,17227162,3.40E-27,Average internode length (above ear)
5_17495617,5,17495617,2.09E-16,Average internode length (above ear)
5_17985162,5,17985162,8.34E-10,Average internode length (above ear)
5_87894641,5,87894641,6.38E-20,Average internode length (above ear)
5_190240567,5,190240567,6.85E-14,Average internode length (above ear)
5_194253752,5,194253752,8.30E-10,Average internode length (above ear)
5_205783013,5,205783013,1.24E-08,Average internode length (above ear)
5_207659841,5,207659841,1.22E-08,Average internode length (above ear)
6_143989005,6,143989005,1.53E-19,Average internode length (above ear)
6_144002894,6,144002894,3.34E-11,Average internode length (above ear)
6_164141101,6,164141101,2.47E-10,Average internode length (above ear)
7_91362094,7,91362094,1.95E-14,Average internode length (above ear)
7_141693601,7,141693601,1.42E-14,Average internode length (above ear)
8_103251740,8,103251740,3.76E-14,Average internode length (above ear)
9_148915216,9,148915216,5.17E-10,Average internode length (above ear)
10_14523006,10,14523006,2.14E-11,Average internode length (above ear)
10_144845369,10,144845369,3.10E-11,Average internode length (above ear)
1_285528313,1,285528313,2.63E-16,Nodes to ear
1_285980233,1,285980233,4.40E-09,Nodes to ear
2_16022756,2,16022756,3.24E-11,Nodes to ear
2_216929573,2,216929573,6.45E-22,Nodes to ear
2_217228949,2,217228949,1.62E-09,Nodes to ear
2_218906253,2,218906253,1.56E-08,Nodes to ear
2_236228476,2,236228476,1.05E-08,Nodes to ear
2_236817812,2,236817812,1.09E-08,Nodes to ear
3_159801118,3,159801118,1.50E-14,Nodes to ear
3_181617021,3,181617021,9.96E-16,Nodes to ear
3_182710243,3,182710243,3.83E-13,Nodes to ear
3_182731624,3,182731624,1.73E-10,Nodes to ear
3_210982459,3,210982459,1.74E-11,Nodes to ear
4_173314878,4,173314878,9.04E-09,Nodes to ear
4_185521378,4,185521378,9.04E-19,Nodes to ear
5_2298596,5,2298596,5.01E-12,Nodes to ear
5_3952552,5,3952552,1.21E-08,Nodes to ear
5_144285515,5,144285515,1.40E-08,Nodes to ear
5_161196016,5,161196016,4.62E-09,Nodes to ear
5_194121660,5,194121660,3.09E-09,Nodes to ear
5_201994656,5,201994656,9.32E-10,Nodes to ear
6_134700795,6,134700795,1.55E-08,Nodes to ear
6_164804781,6,164804781,1.95E-08,Nodes to ear
6_166067772,6,166067772,1.12E-13,Nodes to ear
7_17480341,7,17480341,1.62E-13,Nodes to ear
7_85791273,7,85791273,1.43E-08,Nodes to ear
7_98416985,7,98416985,9.98E-09,Nodes to ear
8_16209859,8,16209859,1.75E-08,Nodes to ear
8_121884592,8,121884592,1.30E-08,Nodes to ear
8_122035988,8,122035988,3.16E-09,Nodes to ear
8_122697718,8,122697718,4.59E-09,Nodes to ear
8_124834201,8,124834201,2.64E-09,Nodes to ear
8_166530906,8,166530906,7.76E-09,Nodes to ear
9_11396208,9,11396208,1.43E-08,Nodes to ear
9_11584020,9,11584020,1.65E-09,Nodes to ear
9_31293928,9,31293928,1.10E-21,Nodes to ear
9_90286023,9,90286023,1.83E-08,Nodes to ear
9_90334785,9,90334785,8.10E-15,Nodes to ear
9_90334888,9,90334888,2.42E-19,Nodes to ear
10_29537144,10,29537144,1.87E-08,Nodes to ear
10_91708853,10,91708853,1.15E-08,Nodes to ear
10_138797939,10,138797939,4.13E-09,Nodes to ear
10_139307379,10,139307379,1.46E-08,Nodes to ear
1_7165554,1,7165554,1.12E-08,Height per day (until flowering)
1_75320761,1,75320761,1.75E-08,Height per day (until flowering)
1_83415030,1,83415030,1.67E-08,Height per day (until flowering)
1_188066780,1,188066780,2.19E-09,Height per day (until flowering)
1_194725344,1,194725344,1.70E-09,Height per day (until flowering)
1_228729365,1,228729365,5.50E-09,Height per day (until flowering)
1_243985874,1,243985874,1.37E-11,Height per day (until flowering)
1_244380533,1,244380533,3.35E-09,Height per day (until flowering)
1_279621104,1,279621104,1.67E-09,Height per day (until flowering)
1_280778684,1,280778684,1.56E-09,Height per day (until flowering)
2_2360822,2,2360822,2.93E-10,Height per day (until flowering)
2_2361177,2,2361177,3.25E-10,Height per day (until flowering)
2_2376946,2,2376946,1.97E-09,Height per day (until flowering)
2_60416360,2,60416360,2.96E-09,Height per day (until flowering)
2_194158194,2,194158194,3.63E-23,Height per day (until flowering)
2_203949753,2,203949753,2.99E-18,Height per day (until flowering)
2_212644229,2,212644229,1.68E-08,Height per day (until flowering)
3_4524582,3,4524582,1.82E-08,Height per day (until flowering)
3_20971808,3,20971808,1.94E-08,Height per day (until flowering)
3_33588721,3,33588721,1.97E-08,Height per day (until flowering)
3_188923758,3,188923758,1.01E-10,Height per day (until flowering)
4_128375524,4,128375524,7.62E-10,Height per day (until flowering)
4_155225809,4,155225809,4.25E-09,Height per day (until flowering)
4_210132945,4,210132945,8.56E-10,Height per day (until flowering)
4_210132979,4,210132979,6.75E-09,Height per day (until flowering)
5_6607686,5,6607686,2.98E-09,Height per day (until flowering)
5_195117045,5,195117045,7.09E-09,Height per day (until flowering)
5_201454906,5,201454906,3.84E-09,Height per day (until flowering)
5_202499598,5,202499598,1.76E-08,Height per day (until flowering)
6_94483916,6,94483916,4.06E-09,Height per day (until flowering)
6_94496606,6,94496606,1.41E-08,Height per day (until flowering)
6_95732158,6,95732158,4.61E-09,Height per day (until flowering)
6_153450078,6,153450078,9.01E-09,Height per day (until flowering)
7_137548818,7,137548818,3.98E-09,Height per day (until flowering)
7_142967960,7,142967960,3.98E-09,Height per day (until flowering)
7_161806374,7,161806374,3.91E-09,Height per day (until flowering)
7_175354343,7,175354343,5.14E-09,Height per day (until flowering)
8_81650471,8,81650471,9.28E-09,Height per day (until flowering)
8_119907474,8,119907474,1.44E-08,Height per day (until flowering)
9_99458783,9,99458783,5.03E-09,Height per day (until flowering)
9_102930847,9,102930847,4.57E-09,Height per day (until flowering)
9_103303153,9,103303153,1.39E-08,Height per day (until flowering)
9_103347661,9,103347661,2.27E-09,Height per day (until flowering)
9_137068751,9,137068751,1.13E-08,Height per day (until flowering)
9_148203374,9,148203374,5.41E-09,Height per day (until flowering)
10_136477019,10,136477019,1.04E-08,Height per day (until flowering)
10_141822954,10,141822954,1.03E-25,Height per day (until flowering)
10_142195596,10,142195596,1.86E-09,Height per day (until flowering)
10_147900486,10,147900486,1.86E-08,Height per day (until flowering)
10_147901736,10,147901736,1.24E-12,Height per day (until flowering)
1_2405011,1,2405011,3.95E-09,Average internode length (whole plant)
1_72790158,1,72790158,4.31E-09,Average internode length (whole plant)
1_72819870,1,72819870,1.88E-08,Average internode length (whole plant)
1_96313830,1,96313830,3.54E-10,Average internode length (whole plant)
1_244221089,1,244221089,2.37E-13,Average internode length (whole plant)
1_244288816,1,244288816,5.27E-17,Average internode length (whole plant)
1_278374127,1,278374127,4.88E-23,Average internode length (whole plant)
1_278605273,1,278605273,2.41E-09,Average internode length (whole plant)
1_278605648,1,278605648,4.78E-09,Average internode length (whole plant)
2_1718520,2,1718520,2.00E-11,Average internode length (whole plant)
2_1964436,2,1964436,1.49E-11,Average internode length (whole plant)
2_194158194,2,194158194,1.04E-10,Average internode length (whole plant)
2_195518113,2,195518113,7.90E-09,Average internode length (whole plant)
3_11058629,3,11058629,1.91E-09,Average internode length (whole plant)
3_15295601,3,15295601,1.91E-08,Average internode length (whole plant)
3_154662497,3,154662497,1.43E-10,Average internode length (whole plant)
3_188547260,3,188547260,2.62E-09,Average internode length (whole plant)
3_194455908,3,194455908,2.86E-14,Average internode length (whole plant)
3_209013447,3,209013447,2.64E-15,Average internode length (whole plant)
4_23619296,4,23619296,1.65E-08,Average internode length (whole plant)
4_30430030,4,30430030,2.84E-12,Average internode length (whole plant)
4_154317219,4,154317219,3.74E-09,Average internode length (whole plant)
4_154438719,4,154438719,1.54E-08,Average internode length (whole plant)
4_210560175,4,210560175,1.07E-08,Average internode length (whole plant)
4_215686264,4,215686264,1.97E-10,Average internode length (whole plant)
4_217535758,4,217535758,1.37E-09,Average internode length (whole plant)
4_221053476,4,221053476,4.97E-09,Average internode length (whole plant)
5_11639328,5,11639328,3.01E-17,Average internode length (whole plant)
5_42123658,5,42123658,8.07E-11,Average internode length (whole plant)
5_188653829,5,188653829,1.44E-08,Average internode length (whole plant)
5_194253752,5,194253752,1.57E-08,Average internode length (whole plant)
5_195185584,5,195185584,1.25E-18,Average internode length (whole plant)
5_205477074,5,205477074,1.50E-09,Average internode length (whole plant)
6_91353900,6,91353900,2.32E-22,Average internode length (whole plant)
6_94426562,6,94426562,3.68E-10,Average internode length (whole plant)
6_163842679,6,163842679,2.97E-21,Average internode length (whole plant)
6_163855369,6,163855369,9.38E-20,Average internode length (whole plant)
8_114472921,8,114472921,8.00E-10,Average internode length (whole plant)
9_102930847,9,102930847,2.65E-09,Average internode length (whole plant)
10_8091619,10,8091619,1.91E-08,Average internode length (whole plant)
10_12972398,10,12972398,1.43E-10,Average internode length (whole plant)
10_119063334,10,119063334,2.62E-09,Average internode length (whole plant)
10_136477019,10,136477019,2.86E-14,Average internode length (whole plant)
10_148866491,10,148866491,2.64E-15,Average internode length (whole plant)
10_149370812,10,149370812,1.65E-08,Average internode length (whole plant)
10_149386102,10,149386102,2.84E-12,Average internode length (whole plant)
1_7404245,1,7404245,2.16E-13,Ratio of ear height to total height
1_8030196,1,8030196,1.03E-25,Ratio of ear height to total height
1_23099027,1,23099027,1.86E-09,Ratio of ear height to total height
1_23103205,1,23103205,1.86E-08,Ratio of ear height to total height
1_23109066,1,23109066,1.24E-12,Ratio of ear height to total height
1_84743954,1,84743954,3.95E-09,Ratio of ear height to total height
1_85773941,1,85773941,4.31E-09,Ratio of ear height to total height
1_197709228,1,197709228,1.88E-08,Ratio of ear height to total height
1_206059203,1,206059203,3.54E-10,Ratio of ear height to total height
1_209179308,1,209179308,2.37E-13,Ratio of ear height to total height
1_209216745,1,209216745,5.27E-17,Ratio of ear height to total height
1_265521995,1,265521995,4.88E-23,Ratio of ear height to total height
2_719884,2,719884,2.41E-09,Ratio of ear height to total height
2_9354092,2,9354092,2.57E-09,Ratio of ear height to total height
2_56108473,2,56108473,1.94E-13,Ratio of ear height to total height
2_205845119,2,205845119,1.59E-10,Ratio of ear height to total height
2_225807941,2,225807941,2.42E-19,Ratio of ear height to total height
2_236811132,2,236811132,1.87E-08,Ratio of ear height to total height
3_7773882,3,7773882,9.98E-09,Ratio of ear height to total height
3_91053823,3,91053823,1.75E-08,Ratio of ear height to total height
3_165015069,3,165015069,1.30E-08,Ratio of ear height to total height
3_165409500,3,165409500,3.16E-09,Ratio of ear height to total height
3_182717902,3,182717902,4.59E-09,Ratio of ear height to total height
3_184278392,3,184278392,2.64E-09,Ratio of ear height to total height
3_184944533,3,184944533,7.76E-09,Ratio of ear height to total height
3_188623054,3,188623054,1.43E-08,Ratio of ear height to total height
3_210981186,3,210981186,1.65E-09,Ratio of ear height to total height
4_136066274,4,136066274,1.10E-21,Ratio of ear height to total height
4_199117699,4,199117699,1.83E-08,Ratio of ear height to total height
4_199285631,4,199285631,8.10E-15,Ratio of ear height to total height
5_11692946,5,11692946,1.98E-08,Ratio of ear height to total height
5_158683144,5,158683144,1.23E-09,Ratio of ear height to total height
5_200115919,5,200115919,2.14E-09,Ratio of ear height to total height
5_204903556,5,204903556,4.31E-09,Ratio of ear height to total height
6_133638869,6,133638869,7.83E-09,Ratio of ear height to total height
6_166067772,6,166067772,6.63E-09,Ratio of ear height to total height
6_166815149,6,166815149,8.08E-09,Ratio of ear height to total height
6_167960472,6,167960472,1.56E-09,Ratio of ear height to total height
7_21500440,7,21500440,7.16E-11,Ratio of ear height to total height
7_109538659,7,109538659,1.64E-09,Ratio of ear height to total height
8_123603261,8,123603261,4.49E-09,Ratio of ear height to total height
8_124363120,8,124363120,1.67E-09,Ratio of ear height to total height
8_124936232,8,124936232,1.56E-09,Ratio of ear height to total height
9_6006898,9,6006898,2.93E-10,Ratio of ear height to total height
9_98378140,9,98378140,3.25E-10,Ratio of ear height to total height
9_98582254,9,98582254,1.97E-09,Ratio of ear height to total height
9_144766429,9,144766429,1.37E-11,Ratio of ear height to total height
10_91086666,10,91086666,3.35E-09,Ratio of ear height to total height
10_95925762,10,95925762,1.11E-08,Ratio of ear height to total height
10_101338106,10,101338106,3.29E-13,Ratio of ear height to total height
1_5090824,1,5090824,3.07E-13,Nodes per plant
1_5527785,1,5527785,8.66E-17,Nodes per plant
1_5570482,1,5570482,4.24E-13,Nodes per plant
1_5628808,1,5628808,4.06E-14,Nodes per plant
1_14549451,1,14549451,1.53E-10,Nodes per plant
1_25315385,1,25315385,2.21E-09,Nodes per plant
1_84633010,1,84633010,1.03E-08,Nodes per plant
1_182657243,1,182657243,1.53E-12,Nodes per plant
1_190534552,1,190534552,1.27E-16,Nodes per plant
1_190700737,1,190700737,6.08E-17,Nodes per plant
1_281888106,1,281888106,3.63E-23,Nodes per plant
1_282684836,1,282684836,2.99E-18,Nodes per plant
1_299128491,1,299128491,1.68E-08,Nodes per plant
2_3227346,2,3227346,1.82E-08,Nodes per plant
2_11618950,2,11618950,5.11E-11,Nodes per plant
2_11623665,2,11623665,1.06E-08,Nodes per plant
2_13002787,2,13002787,1.96E-10,Nodes per plant
2_104205586,2,104205586,4.13E-16,Nodes per plant
2_122223585,2,122223585,8.30E-13,Nodes per plant
2_164992630,2,164992630,1.37E-11,Nodes per plant
2_218952447,2,218952447,3.35E-09,Nodes per plant
3_19931054,3,19931054,1.11E-08,Nodes per plant
3_21600509,3,21600509,3.29E-13,Nodes per plant
3_23846925,3,23846925,3.07E-13,Nodes per plant
3_158504417,3,158504417,8.66E-17,Nodes per plant
3_159801118,3,159801118,4.24E-13,Nodes per plant
3_212691874,3,212691874,4.06E-14,Nodes per plant
3_213906733,3,213906733,1.43E-08,Nodes per plant
4_73126250,4,73126250,9.98E-09,Nodes per plant
4_73294626,4,73294626,1.75E-08,Nodes per plant
4_172514858,4,172514858,1.30E-08,Nodes per plant
4_175212014,4,175212014,3.16E-09,Nodes per plant
4_199940370,4,199940370,4.59E-09,Nodes per plant
4_200256763,4,200256763,2.64E-09,Nodes per plant
5_17227162,5,17227162,7.76E-09,Nodes per plant
5_17985162,5,17985162,1.43E-08,Nodes per plant
5_167245888,5,167245888,1.82E-08,Nodes per plant
5_176311644,5,176311644,1.00E-11,Nodes per plant
5_213345758,5,213345758,3.66E-10,Nodes per plant
5_213586199,5,213586199,1.49E-10,Nodes per plant
6_138872099,6,138872099,1.05E-10,Nodes per plant
6_164556285,6,164556285,1.29E-51,Nodes per plant
7_31777270,7,31777270,1.12E-09,Nodes per plant
8_121884592,8,121884592,8.14E-11,Nodes per plant
8_132068160,8,132068160,1.17E-08,Nodes per plant
9_47589408,9,47589408,6.06E-15,Nodes per plant
9_114159288,9,114159288,2.13E-09,Nodes per plant
9_127690207,9,127690207,1.16E-15,Nodes per plant
10_91708853,10,91708853,5.51E-15,Nodes per plant
10_92297197,10,92297197,2.64E-15,Nodes per plant
10_93674119,10,93674119,1.65E-08,Nodes per plant
10_95925762,10,95925762,2.84E-12,Nodes per plant
10_138045226,10,138045226,2.16E-13,Nodes per plant
10_138797939,10,138797939,1.03E-25,Nodes per plant
1_27439907,1,27439907,1.86E-09,Average internode length (below ear)
1_71102888,1,71102888,1.86E-08,Average internode length (below ear)
1_78091953,1,78091953,1.24E-12,Average internode length (below ear)
1_96123572,1,96123572,3.95E-09,Average internode length (below ear)
1_179347597,1,179347597,4.31E-09,Average internode length (below ear)
1_253499965,1,253499965,1.88E-08,Average internode length (below ear)
1_255148458,1,255148458,3.54E-10,Average internode length (below ear)
1_284976193,1,284976193,2.37E-13,Average internode length (below ear)
2_934934,2,934934,5.27E-17,Average internode length (below ear)
2_2123765,2,2123765,4.88E-23,Average internode length (below ear)
2_147011484,2,147011484,2.41E-09,Average internode length (below ear)
2_193829060,2,193829060,4.78E-09,Average internode length (below ear)
2_204004961,2,204004961,4.14E-13,Average internode length (below ear)
2_214209889,2,214209889,2.19E-09,Average internode length (below ear)
2_214658496,2,214658496,5.23E-09,Average internode length (below ear)
2_214658757,2,214658757,4.21E-09,Average internode length (below ear)
3_3826931,3,3826931,1.11E-08,Average internode length (below ear)
3_7134853,3,7134853,8.10E-09,Average internode length (below ear)
3_7134870,3,7134870,1.37E-08,Average internode length (below ear)
3_170614827,3,170614827,6.42E-09,Average internode length (below ear)
3_170614875,3,170614875,1.75E-08,Average internode length (below ear)
3_179954535,3,179954535,1.88E-09,Average internode length (below ear)
4_4978315,4,4978315,5.21E-14,Average internode length (below ear)
4_5200759,4,5200759,5.28E-20,Average internode length (below ear)
4_178577763,4,178577763,1.03E-17,Average internode length (below ear)
4_239149631,4,239149631,8.40E-09,Average internode length (below ear)
5_59884774,5,59884774,2.01E-08,Average internode length (below ear)
5_186939981,5,186939981,2.72E-10,Average internode length (below ear)
5_204110514,5,204110514,5.31E-09,Average internode length (below ear)
6_154307120,6,154307120,3.76E-09,Average internode length (below ear)
7_977670,7,977670,4.43E-09,Average internode length (below ear)
7_1061257,7,1061257,1.34E-08,Average internode length (below ear)
7_16193358,7,16193358,3.65E-09,Average internode length (below ear)
7_161349465,7,161349465,1.44E-08,Average internode length (below ear)
7_170859521,7,170859521,5.98E-09,Average internode length (below ear)
8_101512794,8,101512794,1.66E-08,Average internode length (below ear)
8_164963701,8,164963701,1.48E-09,Average internode length (below ear)
9_89815945,9,89815945,2.07E-26,Average internode length (below ear)
9_107470417,9,107470417,3.77E-15,Average internode length (below ear)
9_142939115,9,142939115,8.92E-13,Average internode length (below ear)
10_2794091,10,2794091,1.43E-08,Average internode length (below ear)
10_148737490,10,148737490,4.60E-13,Average internode length (below ear)
2_4303747,2,4303747,4.18E-10,metabolite PC1
5_17378142,5,17378142,1.01E-16,metabolite PC1
7_1571928,7,1571928,1.00E-08,metabolite PC1
9_128725659,9,128725659,2.46E-10,metabolite PC1
10_144844860,10,144844860,1.58E-10,metabolite PC1
1_45284912,1,45284912,8.43E-09,metabolite PC2
2_3780782,2,3780782,1.34E-13,metabolite PC2
3_126722821,3,126722821,3.45E-13,metabolite PC2
3_178101048,3,178101048,9.30E-10,metabolite PC2
4_141885514,4,141885514,1.86E-09,metabolite PC2
5_2112836,5,2112836,6.34E-12,metabolite PC2
5_202092826,5,202092826,1.74E-09,metabolite PC2
5_205153010,5,205153010,6.65E-12,metabolite PC2
6_110798503,6,110798503,9.02E-11,metabolite PC2
6_168933232,6,168933232,2.64E-14,metabolite PC2
8_118548296,8,118548296,2.62E-09,metabolite PC2
10_57467243,10,57467243,3.03E-16,metabolite PC2